Vegetables and Vegetable Products,Weight,Measure,Protein,Sugars,Fat,Carbohydrate,Calcium,Energy,Water
"Alfalfa seeds, sprouted, raw",33.0,1.0 cup,92.82 g,32.0 mg,3.99 g,0.2 g,0.69 g,2.1 g,23.0 kcal
"Amaranth leaves, cooked, boiled, drained, with salt",132.0,1.0 cup,91.49 g,209.0 mg,2.11 g,-- g,0.18 g,4.11 g,21.0 kcal
"Amaranth leaves, cooked, boiled, drained, without salt",132.0,1.0 cup,91.49 g,209.0 mg,2.11 g,-- g,0.18 g,4.11 g,21.0 kcal
"Amaranth leaves, raw",28.0,1.0 cup,91.69 g,215.0 mg,2.46 g,-- g,0.33 g,4.02 g,23.0 kcal
"Arrowhead, cooked, boiled, drained, with salt",12.0,"1.0 corm, medium",77.08 g,7.0 mg,4.49 g,-- g,0.1 g,16.14 g,78.0 kcal
"Arrowhead, cooked, boiled, drained, without salt",12.0,1.0 medium,77.08 g,7.0 mg,4.49 g,-- g,0.1 g,16.14 g,78.0 kcal
"Arrowhead, raw",25.0,1.0 large,72.48 g,10.0 mg,5.33 g,-- g,0.29 g,20.23 g,99.0 kcal
"Arrowroot, raw",120.0,"1.0 cup, sliced",80.75 g,6.0 mg,4.24 g,-- g,0.2 g,13.39 g,65.0 kcal
"Artichokes, (globe or french), cooked, boiled, drained, with salt",120.0,"1.0 artichoke, medium",84.08 g,21.0 mg,2.89 g,0.99 g,0.34 g,11.39 g,51.0 kcal
"Artichokes, (globe or french), cooked, boiled, drained, without salt",120.0,"1.0 artichoke, medium",84.08 g,21.0 mg,2.89 g,0.99 g,0.34 g,11.95 g,53.0 kcal
"Artichokes, (globe or french), frozen, cooked, boiled, drained, with salt",168.0,1.0 cup,86.5 g,21.0 mg,3.11 g,0.84 g,0.5 g,9.18 g,45.0 kcal
"Artichokes, (globe or french), frozen, cooked, boiled, drained, without salt",168.0,1.0 cup,86.5 g,21.0 mg,3.11 g,0.84 g,0.5 g,9.18 g,45.0 kcal
"Artichokes, (globe or french), frozen, unprepared",84.0,0.33 package,88.59 g,19.0 mg,2.63 g,-- g,0.43 g,7.75 g,38.0 kcal
"Artichokes, (globe or french), raw",128.0,"1.0 artichoke, medium",84.94 g,44.0 mg,3.27 g,0.99 g,0.15 g,10.51 g,47.0 kcal
"Arugula, raw",2.0,1.0 leaf,91.71 g,160.0 mg,2.58 g,2.05 g,0.66 g,3.65 g,25.0 kcal
"Asparagus, canned, drained solids",242.0,1.0 cup,93.98 g,16.0 mg,2.14 g,1.06 g,0.65 g,2.46 g,19.0 kcal
"Asparagus, canned, no salt added, solids and liquids",122.0,0.5 cup,94.32 g,-- mg,1.8 g,1.0 g,0.18 g,2.48 g,15.0 kcal
"Asparagus, canned, regular pack, solids and liquids",122.0,0.5 cup,94.32 g,-- mg,1.8 g,-- g,0.18 g,2.48 g,15.0 kcal
"Asparagus, cooked, boiled, drained",90.0,0.5 cup,92.63 g,23.0 mg,2.4 g,1.3 g,0.22 g,4.11 g,22.0 kcal
"Asparagus, cooked, boiled, drained, with salt",90.0,0.5 cup,92.63 g,23.0 mg,2.4 g,1.3 g,0.22 g,4.11 g,22.0 kcal
"Asparagus, frozen, cooked, boiled, drained, with salt",180.0,1.0 cup,94.1 g,-- mg,2.95 g,0.32 g,0.42 g,1.92 g,18.0 kcal
"Asparagus, frozen, cooked, boiled, drained, without salt",180.0,1.0 cup,94.1 g,-- mg,2.95 g,0.32 g,0.42 g,1.92 g,18.0 kcal
"Asparagus, frozen, unprepared",58.0,4.0 spears,91.82 g,25.0 mg,3.23 g,-- g,0.23 g,4.1 g,24.0 kcal
"Asparagus, raw",134.0,1.0 cup,93.22 g,24.0 mg,2.2 g,1.88 g,0.12 g,3.88 g,20.0 kcal
"Balsam-pear (bitter gourd), leafy tips, cooked, boiled, drained, with salt",58.0,1.0 cup,88.69 g,42.0 mg,3.6 g,1.04 g,0.2 g,6.16 g,32.0 kcal
"Balsam-pear (bitter gourd), leafy tips, cooked, boiled, drained, without salt",58.0,1.0 cup,88.69 g,42.0 mg,3.6 g,1.04 g,0.2 g,6.68 g,34.0 kcal
"Balsam-pear (bitter gourd), leafy tips, raw",4.0,1.0 leaf,89.25 g,84.0 mg,5.3 g,-- g,0.69 g,3.29 g,30.0 kcal
"Balsam-pear (bitter gourd), pods, cooked, boiled, drained, with salt",124.0,"1.0 cup (1/2"" pieces)",93.95 g,9.0 mg,0.84 g,1.95 g,0.18 g,4.32 g,19.0 kcal
"Balsam-pear (bitter gourd), pods, cooked, boiled, drained, without salt",124.0,"1.0 cup (1/2"" pieces)",93.95 g,9.0 mg,0.84 g,1.95 g,0.18 g,4.32 g,19.0 kcal
"Balsam-pear (bitter gourd), pods, raw",93.0,"1.0 cup (1/2"" pieces)",94.03 g,19.0 mg,1.0 g,-- g,0.17 g,3.7 g,17.0 kcal
"Bamboo shoots, canned, drained solids",131.0,"1.0 cup (1/8"" slices)",94.32 g,8.0 mg,1.72 g,1.89 g,0.4 g,3.22 g,19.0 kcal
"Bamboo shoots, cooked, boiled, drained, with salt",120.0,"1.0 cup (1/2"" slices)",95.92 g,12.0 mg,1.53 g,-- g,0.22 g,1.52 g,11.0 kcal
"Bamboo shoots, cooked, boiled, drained, without salt",120.0,"1.0 cup (1/2"" slices)",95.92 g,-- mg,1.53 g,-- g,0.22 g,1.92 g,12.0 kcal
"Bamboo shoots, raw",151.0,"1.0 cup (1/2"" slices)",91.0 g,13.0 mg,2.6 g,3.0 g,0.3 g,5.2 g,27.0 kcal
"Beans, fava, in pod, raw",126.0,1.0 cup,72.6 g,37.0 mg,7.92 g,9.21 g,0.73 g,17.63 g,88.0 kcal
"Beans, kidney, mature seeds, sprouted, raw",184.0,1.0 cup,90.7 g,17.0 mg,4.2 g,-- g,0.5 g,4.1 g,29.0 kcal
"Beans, mung, mature seeds, sprouted, canned, drained solids",125.0,1.0 cup,96.1 g,14.0 mg,1.4 g,0.7 g,0.06 g,2.14 g,12.0 kcal
"Beans, navy, mature seeds, sprouted, raw",104.0,1.0 cup,79.15 g,15.0 mg,6.15 g,-- g,0.7 g,13.05 g,67.0 kcal
"Beans, pinto, immature seeds, frozen, cooked, boiled, drained, with salt",94.0,0.333 package (10 oz) yields,58.01 g,52.0 mg,9.31 g,-- g,0.48 g,30.87 g,162.0 kcal
"Beans, pinto, immature seeds, frozen, cooked, boiled, drained, without salt",94.0,0.333 package (10 oz) yields,58.01 g,52.0 mg,9.31 g,-- g,0.48 g,30.87 g,162.0 kcal
"Beans, pinto, immature seeds, frozen, unprepared",94.0,0.333 package (10 oz),55.8 g,58.0 mg,9.8 g,-- g,0.5 g,32.5 g,170.0 kcal
"Beans, shellie, canned, solids and liquids",245.0,1.0 cup,90.69 g,29.0 mg,1.76 g,0.63 g,0.19 g,6.19 g,30.0 kcal
"Beans, snap, canned, all styles, seasoned, solids and liquids",114.0,0.5 cup,94.3 g,22.0 mg,0.83 g,-- g,0.2 g,3.49 g,16.0 kcal
"Beans, snap, green, canned, no salt added, drained solids",153.0,1.0 cup,93.38 g,38.0 mg,1.12 g,0.78 g,0.46 g,4.32 g,22.0 kcal
"Beans, snap, green, canned, no salt added, solids and liquids",120.0,0.5 cup,94.68 g,24.0 mg,0.8 g,-- g,0.1 g,3.5 g,15.0 kcal
"Beans, snap, green, canned, regular pack, drained solids",135.0,1.0 cup,93.52 g,37.0 mg,1.05 g,1.44 g,0.41 g,4.19 g,21.0 kcal
"Beans, snap, green, canned, regular pack, solids and liquids",240.0,1.0 cup,95.06 g,29.0 mg,0.72 g,1.25 g,0.17 g,3.27 g,15.0 kcal
"Beans, snap, green, cooked, boiled, drained, with salt",125.0,1.0 cup,89.22 g,44.0 mg,1.89 g,3.63 g,0.28 g,7.88 g,35.0 kcal
"Beans, snap, green, cooked, boiled, drained, without salt",125.0,1.0 cup,89.22 g,44.0 mg,1.89 g,3.63 g,0.28 g,7.88 g,35.0 kcal
"Beans, snap, green, frozen, all styles, microwaved",111.0,1.0 cup,89.93 g,61.0 mg,1.98 g,2.6 g,0.41 g,6.98 g,40.0 kcal
"Beans, snap, green, frozen, all styles, unprepared",121.0,1.0 cup,89.93 g,42.0 mg,1.79 g,2.21 g,0.21 g,7.54 g,39.0 kcal
"Beans, snap, green, frozen, cooked, boiled, drained without salt",135.0,1.0 cup,91.42 g,42.0 mg,1.49 g,1.88 g,0.17 g,6.45 g,28.0 kcal
"Beans, snap, green, frozen, cooked, boiled, drained, with salt",135.0,1.0 cup,91.42 g,42.0 mg,1.49 g,1.88 g,0.17 g,6.45 g,28.0 kcal
"Beans, snap, green, microwaved",116.0,"1.0 cup 1/2"" pieces",90.04 g,55.0 mg,2.31 g,3.22 g,0.5 g,6.41 g,39.0 kcal
"Beans, snap, green, raw",100.0,"1.0 cup 1/2"" pieces",90.32 g,37.0 mg,1.83 g,3.26 g,0.22 g,6.97 g,31.0 kcal
"Beans, snap, yellow, canned, no salt added, drained solids",153.0,1.0 cup,93.3 g,26.0 mg,1.15 g,0.78 g,0.1 g,4.5 g,20.0 kcal
"Beans, snap, yellow, canned, no salt added, solids and liquids",120.0,0.5 cup,94.68 g,24.0 mg,0.8 g,0.62 g,0.1 g,3.5 g,15.0 kcal
"Beans, snap, yellow, canned, regular pack, drained solids",153.0,1.0 cup,93.3 g,26.0 mg,1.15 g,0.78 g,0.1 g,4.5 g,20.0 kcal
"Beans, snap, yellow, canned, regular pack, solids and liquids",120.0,0.5 cup,94.68 g,24.0 mg,0.8 g,0.62 g,0.1 g,3.5 g,15.0 kcal
"Beans, snap, yellow, cooked, boiled, drained, with salt",125.0,1.0 cup,89.22 g,46.0 mg,1.89 g,3.63 g,0.28 g,7.88 g,35.0 kcal
"Beans, snap, yellow, cooked, boiled, drained, without salt",125.0,1.0 cup,89.22 g,46.0 mg,1.89 g,3.63 g,0.28 g,7.88 g,35.0 kcal
"Beans, snap, yellow, frozen, all styles, unprepared",121.0,1.0 cup,89.88 g,42.0 mg,1.8 g,2.22 g,0.21 g,7.58 g,33.0 kcal
"Beans, snap, yellow, frozen, cooked, boiled, drained, with salt",135.0,1.0 cup,91.42 g,49.0 mg,1.49 g,1.88 g,0.17 g,6.45 g,28.0 kcal
"Beans, snap, yellow, frozen, cooked, boiled, drained, without salt",135.0,1.0 cup,91.42 g,49.0 mg,1.49 g,1.88 g,0.17 g,6.45 g,28.0 kcal
"Beans, snap, yellow, raw",100.0,"1.0 cup 1/2"" pieces",90.27 g,37.0 mg,1.82 g,3.27 g,0.12 g,7.13 g,31.0 kcal
"Beet greens, cooked, boiled, drained, with salt",144.0,"1.0 cup (1"" pieces)",89.13 g,114.0 mg,2.57 g,0.6 g,0.2 g,5.46 g,27.0 kcal
"Beet greens, cooked, boiled, drained, without salt",144.0,"1.0 cup (1"" pieces)",89.13 g,114.0 mg,2.57 g,0.6 g,0.2 g,5.46 g,27.0 kcal
"Beet greens, raw",38.0,1.0 cup,91.02 g,117.0 mg,2.2 g,0.5 g,0.13 g,4.33 g,22.0 kcal
"Beets, canned, drained solids",157.0,"1.0 cup, diced",90.96 g,15.0 mg,0.91 g,5.51 g,0.14 g,7.21 g,31.0 kcal
"Beets, canned, no salt added, solids and liquids",246.0,1.0 cup,91.62 g,13.0 mg,0.8 g,5.38 g,0.07 g,6.57 g,28.0 kcal
"Beets, canned, regular pack, solids and liquids",246.0,1.0 cup,91.3 g,18.0 mg,0.73 g,6.53 g,0.09 g,7.14 g,30.0 kcal
"Beets, cooked, boiled, drained",85.0,0.5 cup slices,87.06 g,16.0 mg,1.68 g,7.96 g,0.18 g,9.96 g,44.0 kcal
"Beets, cooked, boiled. drained, with salt",85.0,0.5 cup slices,87.06 g,16.0 mg,1.68 g,7.96 g,0.18 g,9.96 g,44.0 kcal
"Beets, harvard, canned, solids and liquids",246.0,1.0 cup slices,80.16 g,11.0 mg,0.84 g,-- g,0.06 g,18.18 g,73.0 kcal
"Beets, pickled, canned, solids and liquids",227.0,1.0 cup slices,81.88 g,11.0 mg,0.8 g,11.05 g,0.08 g,16.28 g,65.0 kcal
"Beets, raw",136.0,1.0 cup,87.58 g,16.0 mg,1.61 g,6.76 g,0.17 g,9.56 g,43.0 kcal
"Borage, raw",89.0,"1.0 cup (1"" pieces)",93.0 g,-- mg,1.8 g,-- g,0.7 g,3.06 g,21.0 kcal
"Broadbeans, immature seeds, raw",109.0,1.0 cup,81.0 g,22.0 mg,5.6 g,-- g,0.6 g,11.7 g,72.0 kcal
"Broccoli raab, cooked",85.0,1.0 NLEA serving,91.41 g,118.0 mg,3.83 g,0.62 g,0.52 g,3.12 g,33.0 kcal
"Broccoli raab, raw",40.0,1.0 cup chopped,92.55 g,108.0 mg,3.17 g,0.38 g,0.49 g,2.85 g,22.0 kcal
"Broccoli, chinese, cooked",88.0,1.0 cup,93.54 g,100.0 mg,1.14 g,0.84 g,0.72 g,3.81 g,22.0 kcal
"Broccoli, cooked, boiled, drained, with salt",78.0,"0.5 cup, chopped",89.25 g,40.0 mg,2.38 g,1.39 g,0.41 g,7.18 g,35.0 kcal
"Broccoli, cooked, boiled, drained, without salt",78.0,"0.5 cup, chopped",89.25 g,40.0 mg,2.38 g,1.39 g,0.41 g,7.18 g,35.0 kcal
"Broccoli, flower clusters, raw",71.0,1.0 cup flowerets,90.69 g,48.0 mg,2.98 g,1.48 g,0.35 g,5.06 g,28.0 kcal
"Broccoli, frozen, chopped, cooked, boiled, drained, with salt",184.0,1.0 cup,90.72 g,33.0 mg,3.1 g,1.47 g,0.12 g,5.35 g,28.0 kcal
"Broccoli, frozen, chopped, cooked, boiled, drained, without salt",184.0,1.0 cup,90.72 g,33.0 mg,3.1 g,1.47 g,0.12 g,5.35 g,28.0 kcal
"Broccoli, frozen, chopped, unprepared",156.0,1.0 cup,91.46 g,56.0 mg,2.81 g,1.35 g,0.29 g,4.78 g,26.0 kcal
"Broccoli, frozen, spears, cooked, boiled, drained, with salt",92.0,0.5 cup,90.72 g,51.0 mg,3.1 g,1.44 g,0.11 g,5.35 g,28.0 kcal
"Broccoli, frozen, spears, cooked, boiled, drained, without salt",92.0,0.5 cup,90.72 g,51.0 mg,3.1 g,1.47 g,0.11 g,5.36 g,28.0 kcal
"Broccoli, frozen, spears, unprepared",95.0,0.33 package (10 oz),90.55 g,41.0 mg,3.06 g,1.47 g,0.34 g,5.35 g,29.0 kcal
"Broccoli, raw",91.0,1.0 cup chopped,89.3 g,47.0 mg,2.82 g,1.7 g,0.37 g,6.64 g,34.0 kcal
"Broccoli, stalks, raw",114.0,1.0 stalk,90.69 g,48.0 mg,2.98 g,-- g,0.35 g,5.24 g,28.0 kcal
"Brussels sprouts, cooked, boiled, drained, with salt",21.0,1.0 sprout,88.9 g,-- mg,2.55 g,1.74 g,0.5 g,7.1 g,36.0 kcal
"Brussels sprouts, cooked, boiled, drained, without salt",21.0,1.0 sprout,88.9 g,-- mg,2.55 g,1.74 g,0.5 g,7.1 g,36.0 kcal
"Brussels sprouts, frozen, cooked, boiled, drained, with salt",155.0,1.0 cup,86.74 g,26.0 mg,3.64 g,2.08 g,0.39 g,8.32 g,42.0 kcal
"Brussels sprouts, frozen, cooked, boiled, drained, without salt",155.0,1.0 cup,86.74 g,26.0 mg,3.64 g,2.08 g,0.39 g,8.32 g,42.0 kcal
"Brussels sprouts, frozen, unprepared",95.0,0.33 package (10 oz),87.07 g,26.0 mg,3.78 g,-- g,0.41 g,7.86 g,41.0 kcal
"Brussels sprouts, raw",88.0,1.0 cup,86.0 g,42.0 mg,3.38 g,2.2 g,0.3 g,8.95 g,43.0 kcal
"Burdock root, cooked, boiled, drained, with salt",125.0,"1.0 cup (1"" pieces)",75.64 g,49.0 mg,2.09 g,3.55 g,0.14 g,21.15 g,88.0 kcal
"Burdock root, cooked, boiled, drained, without salt",125.0,"1.0 cup (1"" pieces)",75.64 g,49.0 mg,2.09 g,3.55 g,0.14 g,21.15 g,88.0 kcal
"Burdock root, raw",118.0,"1.0 cup (1"" pieces)",80.09 g,41.0 mg,1.53 g,2.9 g,0.15 g,17.34 g,72.0 kcal
"Butterbur, (fuki), raw",94.0,1.0 cup,94.5 g,103.0 mg,0.39 g,-- g,0.04 g,3.61 g,14.0 kcal
"Butterbur, canned",124.0,"1.0 cup, chopped",97.92 g,34.0 mg,0.11 g,-- g,0.13 g,0.38 g,3.0 kcal
"Cabbage, chinese (pak-choi), cooked, boiled, drained, with salt",170.0,"1.0 cup, shredded",95.55 g,93.0 mg,1.56 g,0.83 g,0.16 g,1.78 g,12.0 kcal
"Cabbage, chinese (pak-choi), cooked, boiled, drained, without salt",170.0,"1.0 cup, shredded",95.55 g,93.0 mg,1.56 g,0.83 g,0.16 g,1.78 g,12.0 kcal
"Cabbage, chinese (pak-choi), raw",70.0,"1.0 cup, shredded",95.32 g,105.0 mg,1.5 g,1.18 g,0.2 g,2.18 g,13.0 kcal
"Cabbage, chinese (pe-tsai), cooked, boiled, drained, with salt",119.0,"1.0 cup, shredded",95.24 g,32.0 mg,1.5 g,-- g,0.17 g,2.41 g,14.0 kcal
"Cabbage, chinese (pe-tsai), cooked, boiled, drained, without salt",119.0,"1.0 cup, shredded",95.24 g,32.0 mg,1.5 g,-- g,0.17 g,2.41 g,14.0 kcal
"Cabbage, chinese (pe-tsai), raw",76.0,"1.0 cup, shredded",94.39 g,77.0 mg,1.2 g,1.41 g,0.2 g,3.23 g,16.0 kcal
"Cabbage, common (danish, domestic, and pointed types), freshly harvest, raw",35.0,"0.5 cup, shredded",92.52 g,47.0 mg,1.21 g,-- g,0.18 g,5.37 g,24.0 kcal
"Cabbage, common (danish, domestic, and pointed types), stored, raw",35.0,"0.5 cup, shredded",92.52 g,47.0 mg,1.21 g,-- g,0.18 g,5.37 g,24.0 kcal
"Cabbage, common, cooked, boiled, drained, with salt",75.0,"0.5 cup, shredded",92.57 g,48.0 mg,1.27 g,2.79 g,0.06 g,5.51 g,23.0 kcal
"Cabbage, cooked, boiled, drained, without salt",75.0,"0.5 cup, shredded",92.57 g,48.0 mg,1.27 g,2.79 g,0.06 g,5.51 g,23.0 kcal
"Cabbage, japanese style, fresh, pickled",150.0,1.0 cup,91.4 g,48.0 mg,1.6 g,1.3 g,0.1 g,5.67 g,30.0 kcal
"Cabbage, kimchi",150.0,1.0 cup,94.3 g,33.0 mg,1.1 g,1.06 g,0.5 g,2.4 g,15.0 kcal
"Cabbage, mustard, salted",128.0,1.0 cup,92.1 g,67.0 mg,1.1 g,1.4 g,0.1 g,5.63 g,28.0 kcal
"Cabbage, napa, cooked",109.0,1.0 cup,96.33 g,29.0 mg,1.1 g,-- g,0.17 g,2.23 g,12.0 kcal
"Cabbage, raw",89.0,"1.0 cup, chopped",92.18 g,40.0 mg,1.28 g,3.2 g,0.1 g,5.8 g,25.0 kcal
"Cabbage, red, cooked, boiled, drained, with salt",22.0,1.0 leaf,90.84 g,42.0 mg,1.51 g,3.32 g,0.09 g,6.94 g,29.0 kcal
"Cabbage, red, cooked, boiled, drained, without salt",22.0,1.0 leaf,90.84 g,42.0 mg,1.51 g,3.32 g,0.09 g,6.94 g,29.0 kcal
"Cabbage, red, raw",89.0,"1.0 cup, chopped",90.39 g,45.0 mg,1.43 g,3.83 g,0.16 g,7.37 g,31.0 kcal
"Cabbage, savoy, cooked, boiled, drained, with salt",145.0,"1.0 cup, shredded",92.0 g,30.0 mg,1.8 g,-- g,0.09 g,5.41 g,24.0 kcal
"Cabbage, savoy, cooked, boiled, drained, without salt",145.0,"1.0 cup, shredded",92.0 g,30.0 mg,1.8 g,-- g,0.09 g,5.41 g,24.0 kcal
"Cabbage, savoy, raw",70.0,"1.0 cup, shredded",91.0 g,35.0 mg,2.0 g,2.27 g,0.1 g,6.1 g,27.0 kcal
"CAMPBELL'S, Organic Tomato juice",243.0,8.0 fl oz,93.8 g,8.0 mg,0.82 g,2.88 g,0.0 g,4.12 g,21.0 kcal
"CAMPBELL'S, Tomato juice",243.0,8.0 fl oz,93.9 g,8.0 mg,0.82 g,2.88 g,0.0 g,4.12 g,21.0 kcal
"CAMPBELL'S, Tomato juice, low sodium",243.0,8.0 fl oz,93.9 g,8.0 mg,0.82 g,2.88 g,0.0 g,4.12 g,21.0 kcal
"CAMPBELL'S, V8 100% Vegetable Juice",243.0,8.0 fl oz,93.9 g,16.0 mg,0.82 g,3.29 g,0.0 g,4.12 g,21.0 kcal
"CAMPBELL'S, V8 60% Vegetable Juice, V8 V-Lite",243.0,8.0 fl oz,95.5 g,16.0 mg,0.41 g,2.06 g,0.0 g,2.88 g,14.0 kcal
"CAMPBELL'S, V8 Vegetable Juice, Calcium Enriched V8",243.0,8.0 fl oz,93.1 g,123.0 mg,0.82 g,3.29 g,0.0 g,4.53 g,21.0 kcal
"CAMPBELL'S, V8 Vegetable Juice, Essential Antioxidants V8",243.0,8.0 oz,93.3 g,16.0 mg,0.82 g,3.29 g,0.0 g,4.53 g,21.0 kcal
"CAMPBELL'S, V8 Vegetable Juice, High Fiber V8",243.0,8.0 fl oz,92.5 g,16.0 mg,0.82 g,3.29 g,0.0 g,5.39 g,25.0 kcal
"CAMPBELL'S, V8 Vegetable Juice, Low Sodium Spicy Hot",243.0,8.0 fl oz,94.0 g,8.0 mg,0.82 g,3.29 g,0.0 g,4.53 g,21.0 kcal
"CAMPBELL'S, V8 Vegetable Juice, Low Sodium V8",243.0,8.0 fl oz,93.9 g,8.0 mg,0.82 g,3.29 g,0.0 g,4.12 g,21.0 kcal
"CAMPBELL'S, V8 Vegetable Juice, Organic V8",243.0,8.0 fl oz,93.6 g,8.0 mg,0.41 g,3.29 g,0.0 g,4.53 g,20.0 kcal
"CAMPBELL'S, V8 Vegetable Juice, Spicy Hot V8",243.0,8.0 fl oz,94.0 g,16.0 mg,0.82 g,3.29 g,0.0 g,4.12 g,21.0 kcal
"Cardoon, raw",178.0,"1.0 cup, shredded",94.0 g,70.0 mg,0.7 g,-- g,0.1 g,4.07 g,17.0 kcal
"Carrot juice, canned",236.0,1.0 cup,88.87 g,24.0 mg,0.95 g,3.91 g,0.15 g,9.28 g,40.0 kcal
"Carrot, dehydrated",74.0,1.0 cup,4.0 g,212.0 mg,8.1 g,38.82 g,1.49 g,79.57 g,341.0 kcal
"Carrots, baby, raw",15.0,1.0 large,90.35 g,32.0 mg,0.64 g,4.76 g,0.13 g,8.24 g,35.0 kcal
"Carrots, canned, no salt added, drained solids",146.0,"1.0 cup, sliced",92.95 g,-- mg,0.64 g,2.48 g,0.19 g,5.54 g,25.0 kcal
"Carrots, canned, no salt added, solids and liquids",123.0,0.5 cup slices,92.99 g,31.0 mg,0.59 g,2.46 g,0.14 g,5.36 g,23.0 kcal
"Carrots, canned, regular pack, drained solids",146.0,"1.0 cup, sliced",92.95 g,-- mg,0.64 g,2.48 g,0.19 g,5.54 g,25.0 kcal
"Carrots, canned, regular pack, solids and liquids",123.0,0.5 cup slices,92.99 g,31.0 mg,0.58 g,2.46 g,0.14 g,5.37 g,23.0 kcal
"Carrots, cooked, boiled, drained, with salt",9.7,1.0 tbsp,90.17 g,30.0 mg,0.76 g,3.45 g,0.18 g,8.22 g,35.0 kcal
"Carrots, cooked, boiled, drained, without salt",9.7,1.0 tbsp,90.17 g,30.0 mg,0.76 g,3.45 g,0.18 g,8.22 g,35.0 kcal
"Carrots, frozen, cooked, boiled, drained, with salt",146.0,1.0 cup slices,90.32 g,35.0 mg,0.58 g,4.08 g,0.68 g,7.73 g,37.0 kcal
"Carrots, frozen, cooked, boiled, drained, without salt",146.0,"1.0 cup, sliced",90.32 g,35.0 mg,0.58 g,4.08 g,0.68 g,7.73 g,37.0 kcal
"Carrots, frozen, unprepared",64.0,0.5 cup slices,90.04 g,-- mg,0.78 g,4.76 g,0.46 g,7.9 g,36.0 kcal
"Carrots, raw",128.0,1.0 cup chopped,88.29 g,33.0 mg,0.93 g,4.74 g,0.24 g,9.58 g,41.0 kcal
"Cassava, raw",206.0,1.0 cup,59.68 g,16.0 mg,1.36 g,1.7 g,0.28 g,38.06 g,160.0 kcal
Catsup,17.0,1.0 tbsp,68.51 g,15.0 mg,1.04 g,21.27 g,0.1 g,27.4 g,101.0 kcal
"Catsup, low sodium",17.0,1.0 tbsp,68.51 g,15.0 mg,1.04 g,21.27 g,0.1 g,27.4 g,101.0 kcal
"Cauliflower, cooked, boiled, drained, with salt",62.0,"0.5 cup (1"" pieces)",93.0 g,16.0 mg,1.84 g,1.86 g,0.45 g,4.11 g,23.0 kcal
"Cauliflower, cooked, boiled, drained, without salt",62.0,"0.5 cup (1"" pieces)",93.0 g,16.0 mg,1.84 g,2.08 g,0.45 g,4.11 g,23.0 kcal
"Cauliflower, frozen, cooked, boiled, drained, with salt",180.0,"1.0 cup (1"" pieces)",94.0 g,-- mg,1.61 g,0.46 g,0.22 g,3.16 g,17.0 kcal
"Cauliflower, frozen, cooked, boiled, drained, without salt",180.0,"1.0 cup (1"" pieces)",94.0 g,17.0 mg,1.61 g,1.05 g,0.22 g,3.75 g,19.0 kcal
"Cauliflower, frozen, unprepared",66.0,"0.5 cup (1"" pieces)",92.51 g,22.0 mg,2.01 g,2.22 g,0.27 g,4.68 g,24.0 kcal
"Cauliflower, green, cooked, no salt added",90.0,0.2 head,89.47 g,-- mg,3.04 g,3.12 g,0.31 g,6.28 g,32.0 kcal
"Cauliflower, green, cooked, with salt",62.0,"0.5 cup (1"" pieces)",89.47 g,-- mg,3.04 g,-- g,0.31 g,6.28 g,32.0 kcal
"Cauliflower, green, raw",64.0,1.0 cup,89.79 g,33.0 mg,2.95 g,3.03 g,0.3 g,6.09 g,31.0 kcal
"Cauliflower, raw",107.0,"1.0 cup chopped (1/2"" pieces)",92.07 g,22.0 mg,1.92 g,1.91 g,0.28 g,4.97 g,25.0 kcal
"Celeriac, cooked, boiled, drained, with salt",155.0,1.0 cup pieces,92.3 g,26.0 mg,0.96 g,-- g,0.19 g,5.9 g,27.0 kcal
"Celeriac, cooked, boiled, drained, without salt",155.0,1.0 cup pieces,92.3 g,26.0 mg,0.96 g,-- g,0.19 g,5.9 g,27.0 kcal
"Celeriac, raw",156.0,1.0 cup,88.0 g,43.0 mg,1.5 g,1.6 g,0.3 g,9.2 g,42.0 kcal
"Celery, cooked, boiled, drained, with salt",150.0,"1.0 cup, diced",94.11 g,42.0 mg,0.83 g,2.37 g,0.16 g,4.0 g,18.0 kcal
"Celery, cooked, boiled, drained, without salt",150.0,"1.0 cup, diced",94.11 g,42.0 mg,0.83 g,2.37 g,0.16 g,4.0 g,18.0 kcal
"Celery, raw",101.0,1.0 cup chopped,95.43 g,40.0 mg,0.69 g,1.34 g,0.17 g,2.97 g,16.0 kcal
"Celtuce, raw",8.0,1.0 leaf,94.5 g,39.0 mg,0.85 g,-- g,0.3 g,3.65 g,18.0 kcal
"Chard, swiss, cooked, boiled, drained, with salt",175.0,"1.0 cup, chopped",92.65 g,58.0 mg,1.88 g,1.1 g,0.08 g,4.13 g,20.0 kcal
"Chard, swiss, cooked, boiled, drained, without salt",175.0,"1.0 cup, chopped",92.65 g,58.0 mg,1.88 g,1.1 g,0.08 g,4.13 g,20.0 kcal
"Chard, swiss, raw",36.0,1.0 cup,92.66 g,51.0 mg,1.8 g,1.1 g,0.2 g,3.74 g,19.0 kcal
"Chayote, fruit, cooked, boiled, drained, with salt",160.0,"1.0 cup (1"" pieces)",93.43 g,13.0 mg,0.62 g,1.89 g,0.48 g,4.5 g,22.0 kcal
"Chayote, fruit, cooked, boiled, drained, without salt",160.0,"1.0 cup (1"" pieces)",93.43 g,13.0 mg,0.62 g,1.89 g,0.48 g,5.09 g,24.0 kcal
"Chayote, fruit, raw",132.0,"1.0 cup (1"" pieces)",94.24 g,17.0 mg,0.82 g,1.66 g,0.13 g,4.51 g,19.0 kcal
"Chicory greens, raw",29.0,"1.0 cup, chopped",92.0 g,100.0 mg,1.7 g,0.7 g,0.3 g,4.7 g,23.0 kcal
"Chicory roots, raw",60.0,1.0 root,80.0 g,41.0 mg,1.4 g,8.73 g,0.2 g,17.51 g,72.0 kcal
"Chicory, witloof, raw",53.0,1.0 head,94.52 g,19.0 mg,0.9 g,-- g,0.1 g,4.0 g,17.0 kcal
"Chives, freeze-dried",0.2,1.0 tbsp,2.0 g,813.0 mg,21.2 g,-- g,3.5 g,64.29 g,311.0 kcal
"Chives, raw",3.0,1.0 tbsp chopped,90.65 g,92.0 mg,3.27 g,1.85 g,0.73 g,4.35 g,30.0 kcal
"Chrysanthemum leaves, raw",51.0,"1.0 cup, chopped",91.4 g,117.0 mg,3.36 g,-- g,0.56 g,3.01 g,24.0 kcal
"Chrysanthemum, garland, cooked, boiled, drained, with salt",100.0,"1.0 cup (1"" pieces)",92.49 g,69.0 mg,1.64 g,2.01 g,0.09 g,4.31 g,20.0 kcal
"Chrysanthemum, garland, cooked, boiled, drained, without salt",100.0,"1.0 cup (1"" pieces)",92.49 g,69.0 mg,1.64 g,2.01 g,0.09 g,4.31 g,20.0 kcal
"Chrysanthemum, garland, raw",25.0,"1.0 cup (1"" pieces)",91.4 g,117.0 mg,3.36 g,-- g,0.56 g,3.02 g,24.0 kcal
"Collards, cooked, boiled, drained, with salt",190.0,"1.0 cup, chopped",90.18 g,141.0 mg,2.71 g,-- g,0.72 g,5.65 g,33.0 kcal
"Collards, cooked, boiled, drained, without salt",190.0,"1.0 cup, chopped",90.18 g,141.0 mg,2.71 g,0.4 g,0.72 g,5.65 g,33.0 kcal
"Collards, frozen, chopped, cooked, boiled, drained, with salt",170.0,"1.0 cup, chopped",88.47 g,210.0 mg,2.97 g,0.57 g,0.41 g,7.1 g,36.0 kcal
"Collards, frozen, chopped, cooked, boiled, drained, without salt",170.0,"1.0 cup, chopped",88.47 g,210.0 mg,2.97 g,0.57 g,0.41 g,7.1 g,36.0 kcal
"Collards, frozen, chopped, unprepared",95.0,0.33 package (10 oz),89.53 g,201.0 mg,2.69 g,-- g,0.37 g,6.46 g,33.0 kcal
"Collards, raw",36.0,"1.0 cup, chopped",89.62 g,232.0 mg,3.02 g,0.46 g,0.61 g,5.42 g,32.0 kcal
"Coriander (cilantro) leaves, raw",4.0,0.25 cup,92.21 g,67.0 mg,2.13 g,0.87 g,0.52 g,3.67 g,23.0 kcal
"Corn pudding, home prepared",250.0,1.0 cup,72.33 g,39.0 mg,4.42 g,6.59 g,5.04 g,16.97 g,131.0 kcal
"Corn with red and green peppers, canned, solids and liquids",227.0,1.0 cup,77.5 g,5.0 mg,2.33 g,-- g,0.55 g,18.17 g,75.0 kcal
"Corn, sweet, white, canned, cream style, no salt added",256.0,1.0 cup,78.73 g,3.0 mg,1.74 g,2.21 g,0.42 g,18.13 g,72.0 kcal
"Corn, sweet, white, canned, cream style, regular pack",256.0,1.0 cup,78.24 g,4.0 mg,1.74 g,6.09 g,0.42 g,18.62 g,74.0 kcal
"Corn, sweet, white, canned, vacuum pack, no salt added",210.0,1.0 cup,76.58 g,5.0 mg,2.41 g,-- g,0.5 g,19.44 g,79.0 kcal
"Corn, sweet, white, canned, vacuum pack, regular pack",210.0,1.0 cup,76.58 g,5.0 mg,2.41 g,-- g,0.5 g,19.44 g,79.0 kcal
"Corn, sweet, white, canned, whole kernel, drained solids",164.0,1.0 cup,80.38 g,3.0 mg,2.32 g,2.42 g,1.37 g,15.06 g,71.0 kcal
"Corn, sweet, white, canned, whole kernel, no salt added, solids and liquids",256.0,1.0 cup,81.34 g,4.0 mg,1.95 g,-- g,0.5 g,15.41 g,64.0 kcal
"Corn, sweet, white, canned, whole kernel, regular pack, solids and liquids",256.0,1.0 cup,81.34 g,4.0 mg,1.95 g,-- g,0.5 g,15.41 g,64.0 kcal
"Corn, sweet, white, cooked, boiled, drained, with salt",89.0,"1.0 ear, small (5-1/2"" to 6-1/2"" long)",72.84 g,2.0 mg,3.34 g,7.73 g,1.41 g,21.71 g,97.0 kcal
"Corn, sweet, white, cooked, boiled, drained, without salt",89.0,"1.0 ear, small (5-1/2"" to 6-1/2"" long)",72.84 g,2.0 mg,3.34 g,7.73 g,1.41 g,21.71 g,97.0 kcal
"Corn, sweet, white, frozen, kernels cut off cob, boiled, drained, with salt",165.0,1.0 cup,76.73 g,4.0 mg,2.75 g,3.12 g,0.43 g,19.56 g,80.0 kcal
"Corn, sweet, white, frozen, kernels cut off cob, boiled, drained, without salt",165.0,1.0 cup,76.73 g,4.0 mg,2.75 g,3.12 g,0.43 g,19.56 g,80.0 kcal
"Corn, sweet, white, frozen, kernels cut off cob, unprepared",165.0,1.0 cup,75.0 g,4.0 mg,3.02 g,9.09 g,0.77 g,20.73 g,88.0 kcal
"Corn, sweet, white, frozen, kernels on cob, cooked, boiled, drained, with salt",165.0,1.0 cup kernels,73.2 g,3.0 mg,3.11 g,-- g,0.74 g,22.33 g,94.0 kcal
"Corn, sweet, white, frozen, kernels on cob, cooked, boiled, drained, without salt",165.0,1.0 cup kernels,73.2 g,3.0 mg,3.11 g,-- g,0.74 g,22.33 g,94.0 kcal
"Corn, sweet, white, frozen, kernels on cob, unprepared",165.0,1.0 cup kernels,71.79 g,4.0 mg,3.28 g,-- g,0.78 g,23.5 g,98.0 kcal
"Corn, sweet, white, raw",73.0,"1.0 ear, small (5-1/2"" to 6-1/2"" long)",75.96 g,2.0 mg,3.22 g,-- g,1.18 g,19.02 g,86.0 kcal
"Corn, sweet, yellow, canned, brine pack, regular pack, solids and liquids",256.0,1.0 cup,82.61 g,4.0 mg,1.95 g,4.15 g,0.77 g,13.86 g,61.0 kcal
"Corn, sweet, yellow, canned, cream style, no salt added",256.0,1.0 cup,78.73 g,3.0 mg,1.74 g,3.23 g,0.42 g,18.13 g,72.0 kcal
"Corn, sweet, yellow, canned, cream style, regular pack",256.0,1.0 cup,78.73 g,3.0 mg,1.74 g,3.23 g,0.42 g,18.13 g,72.0 kcal
"Corn, sweet, yellow, canned, drained solids, rinsed with tap water",150.0,"1.0 cup drained, rinsed",82.8 g,2.0 mg,2.18 g,4.11 g,1.43 g,13.02 g,74.0 kcal
"Corn, sweet, yellow, canned, no salt added, solids and liquids",256.0,1.0 cup,82.61 g,4.0 mg,1.95 g,4.15 g,0.77 g,13.86 g,61.0 kcal
"Corn, sweet, yellow, canned, vacuum pack, no salt added",210.0,1.0 cup,76.58 g,5.0 mg,2.41 g,5.59 g,0.5 g,19.44 g,79.0 kcal
"Corn, sweet, yellow, canned, vacuum pack, regular pack",210.0,1.0 cup,76.58 g,5.0 mg,2.41 g,5.59 g,0.5 g,19.44 g,79.0 kcal
"Corn, sweet, yellow, canned, whole kernel, drained solids",164.0,1.0 cup,81.41 g,3.0 mg,2.29 g,4.44 g,1.22 g,14.34 g,67.0 kcal
"Corn, sweet, yellow, cooked, boiled, drained, with salt",89.0,"1.0 ear small (5-1/2"" to 6-1/2"" long)",73.41 g,3.0 mg,3.41 g,4.54 g,1.5 g,20.98 g,96.0 kcal
"Corn, sweet, yellow, cooked, boiled, drained, without salt",89.0,"1.0 ear small (5-1/2"" to 6-1/2"" long)",73.41 g,3.0 mg,3.41 g,4.54 g,1.5 g,20.98 g,96.0 kcal
"Corn, sweet, yellow, frozen, kernels cut off cob, boiled, drained, without salt",165.0,1.0 cup,77.03 g,3.0 mg,2.55 g,3.07 g,0.67 g,19.3 g,81.0 kcal
"Corn, sweet, yellow, frozen, kernels cut off cob, unprepared",136.0,1.0 cup,75.0 g,4.0 mg,3.02 g,2.5 g,0.78 g,20.71 g,88.0 kcal
"Corn, sweet, yellow, frozen, kernels on cob, cooked, boiled, drained, with salt",165.0,1.0 cup kernels,73.2 g,3.0 mg,3.11 g,3.59 g,0.74 g,22.33 g,94.0 kcal
"Corn, sweet, yellow, frozen, kernels on cob, cooked, boiled, drained, without salt",165.0,1.0 cup kernels,73.2 g,3.0 mg,3.11 g,3.59 g,0.74 g,22.33 g,94.0 kcal
"Corn, sweet, yellow, frozen, kernels on cob, unprepared",165.0,1.0 cup kernels,71.79 g,4.0 mg,3.28 g,3.78 g,0.78 g,23.5 g,98.0 kcal
"Corn, sweet, yellow, frozen, kernels, cut off cob, boiled, drained, with salt",165.0,1.0 cup,77.03 g,3.0 mg,2.55 g,3.07 g,0.67 g,18.71 g,79.0 kcal
"Corn, sweet, yellow, raw",145.0,1.0 cup,76.05 g,2.0 mg,3.27 g,6.26 g,1.35 g,18.7 g,86.0 kcal
"Corn, yellow, whole kernel, frozen, microwaved",141.0,1.0 cup,68.4 g,5.0 mg,3.62 g,3.36 g,1.42 g,25.87 g,131.0 kcal
"Cornsalad, raw",56.0,1.0 cup,92.8 g,38.0 mg,2.0 g,-- g,0.4 g,3.6 g,21.0 kcal
"Cowpeas (blackeyes), immature seeds, cooked, boiled, drained, with salt",165.0,1.0 cup,75.48 g,128.0 mg,3.17 g,3.23 g,0.38 g,19.73 g,94.0 kcal
"Cowpeas (blackeyes), immature seeds, cooked, boiled, drained, without salt",165.0,1.0 cup,75.48 g,128.0 mg,3.17 g,3.23 g,0.38 g,20.32 g,97.0 kcal
"Cowpeas (blackeyes), immature seeds, frozen, cooked, boiled, drained, with salt",170.0,1.0 cup,66.1 g,23.0 mg,8.49 g,4.46 g,0.66 g,23.5 g,131.0 kcal
"Cowpeas (blackeyes), immature seeds, frozen, cooked, boiled, drained, without salt",170.0,1.0 cup,66.1 g,23.0 mg,8.49 g,4.46 g,0.66 g,23.76 g,132.0 kcal
"Cowpeas (blackeyes), immature seeds, frozen, unprepared",160.0,1.0 cup,64.15 g,26.0 mg,8.98 g,-- g,0.7 g,25.13 g,139.0 kcal
"Cowpeas (blackeyes), immature seeds, raw",145.0,1.0 cup,77.2 g,126.0 mg,2.95 g,3.0 g,0.35 g,18.83 g,90.0 kcal
"Cowpeas, leafy tips, cooked, boiled, drained, with salt",53.0,"1.0 cup, chopped",91.3 g,69.0 mg,4.67 g,-- g,0.1 g,2.8 g,22.0 kcal
"Cowpeas, leafy tips, cooked, boiled, drained, without salt",53.0,"1.0 cup, chopped",91.3 g,69.0 mg,4.67 g,-- g,0.1 g,2.8 g,22.0 kcal
"Cowpeas, leafy tips, raw",36.0,"1.0 cup, chopped",89.78 g,63.0 mg,4.1 g,-- g,0.25 g,4.82 g,29.0 kcal
"Cowpeas, young pods with seeds, cooked, boiled, drained, with salt",95.0,1.0 cup,89.5 g,55.0 mg,2.6 g,-- g,0.3 g,7.0 g,34.0 kcal
"Cowpeas, young pods with seeds, cooked, boiled, drained, without salt",95.0,1.0 cup,89.5 g,55.0 mg,2.6 g,-- g,0.3 g,7.0 g,34.0 kcal
"Cowpeas, young pods with seeds, raw",94.0,1.0 cup,86.0 g,65.0 mg,3.3 g,5.04 g,0.3 g,9.5 g,44.0 kcal
"Cress, garden, cooked, boiled, drained, with salt",135.0,1.0 cup,92.5 g,61.0 mg,1.9 g,3.11 g,0.6 g,3.8 g,23.0 kcal
"Cress, garden, cooked, boiled, drained, without salt",135.0,1.0 cup,92.5 g,61.0 mg,1.9 g,3.11 g,0.6 g,3.8 g,23.0 kcal
"Cress, garden, raw",50.0,1.0 cup,89.4 g,81.0 mg,2.6 g,4.4 g,0.7 g,5.5 g,32.0 kcal
"Cucumber, peeled, raw",133.0,"1.0 cup, pared, chopped",96.73 g,14.0 mg,0.59 g,1.38 g,0.16 g,2.16 g,12.0 kcal
"Cucumber, with peel, raw",52.0,0.5 cup slices,95.23 g,16.0 mg,0.65 g,1.67 g,0.11 g,3.63 g,15.0 kcal
"Dandelion greens, cooked, boiled, drained, with salt",105.0,"1.0 cup, chopped",89.8 g,140.0 mg,2.0 g,1.62 g,0.6 g,6.4 g,33.0 kcal
"Dandelion greens, cooked, boiled, drained, without salt",105.0,"1.0 cup, chopped",89.8 g,140.0 mg,2.0 g,0.5 g,0.6 g,6.4 g,33.0 kcal
"Dandelion greens, raw",55.0,"1.0 cup, chopped",85.6 g,187.0 mg,2.7 g,0.71 g,0.7 g,9.2 g,45.0 kcal
"Dock, raw",133.0,"1.0 cup, chopped",93.0 g,44.0 mg,2.0 g,-- g,0.7 g,3.2 g,22.0 kcal
"Drumstick leaves, cooked, boiled, drained, with salt",42.0,"1.0 cup, chopped",81.65 g,151.0 mg,5.27 g,1.0 g,0.93 g,11.15 g,60.0 kcal
"Drumstick leaves, cooked, boiled, drained, without salt",42.0,"1.0 cup, chopped",81.65 g,151.0 mg,5.27 g,1.0 g,0.93 g,11.15 g,60.0 kcal
"Drumstick leaves, raw",21.0,"1.0 cup, chopped",78.66 g,185.0 mg,9.4 g,-- g,1.4 g,8.28 g,64.0 kcal
"Drumstick pods, cooked, boiled, drained, with salt",118.0,1.0 cup slices,88.42 g,20.0 mg,2.09 g,-- g,0.19 g,8.18 g,36.0 kcal
"Drumstick pods, cooked, boiled, drained, without salt",118.0,1.0 cup slices,88.42 g,20.0 mg,2.09 g,-- g,0.19 g,8.18 g,36.0 kcal
"Drumstick pods, raw",100.0,1.0 cup slices,88.2 g,30.0 mg,2.1 g,-- g,0.2 g,8.53 g,37.0 kcal
"Edamame, frozen, prepared",155.0,1.0 cup,72.77 g,63.0 mg,11.91 g,2.18 g,5.2 g,8.91 g,121.0 kcal
"Edamame, frozen, unprepared",118.0,1.0 cup,75.17 g,60.0 mg,11.22 g,2.48 g,4.73 g,7.61 g,109.0 kcal
"Eggplant, cooked, boiled, drained, with salt",99.0,"1.0 cup (1"" cubes)",89.67 g,6.0 mg,0.83 g,3.2 g,0.23 g,8.14 g,33.0 kcal
"Eggplant, cooked, boiled, drained, without salt",99.0,"1.0 cup (1"" cubes)",89.67 g,6.0 mg,0.83 g,3.2 g,0.23 g,8.73 g,35.0 kcal
"Eggplant, pickled",136.0,1.0 cup,86.9 g,25.0 mg,0.9 g,4.8 g,0.7 g,9.77 g,49.0 kcal
"Eggplant, raw",82.0,"1.0 cup, cubes",92.3 g,9.0 mg,0.98 g,3.53 g,0.18 g,5.88 g,25.0 kcal
"Endive, raw",25.0,"0.5 cup, chopped",93.79 g,52.0 mg,1.25 g,0.25 g,0.2 g,3.35 g,17.0 kcal
"Epazote, raw",0.8,1.0 tbsp,89.21 g,275.0 mg,0.33 g,-- g,0.52 g,7.44 g,32.0 kcal
"Eppaw, raw",100.0,1.0 cup,60.0 g,110.0 mg,4.6 g,-- g,1.8 g,31.68 g,150.0 kcal
"Escarole, cooked, boiled, drained, no salt added",150.0,1.0 cup,94.29 g,46.0 mg,1.15 g,0.23 g,0.18 g,3.07 g,19.0 kcal
"Fennel, bulb, raw",87.0,"1.0 cup, sliced",90.21 g,49.0 mg,1.24 g,3.93 g,0.2 g,7.3 g,31.0 kcal
"Fireweed, leaves, raw",23.0,"1.0 cup, chopped",70.78 g,429.0 mg,4.71 g,-- g,2.75 g,19.22 g,103.0 kcal
"Fungi, Cloud ears, dried",28.0,1.0 cup,14.8 g,159.0 mg,9.25 g,-- g,0.73 g,73.01 g,284.0 kcal
"Garlic, raw",136.0,1.0 cup,58.58 g,181.0 mg,6.36 g,1.0 g,0.5 g,33.06 g,149.0 kcal
"Ginger root, pickled, canned, with artificial sweetener",25.0,2.0 tablespoon,92.3 g,74.0 mg,0.33 g,0.0 g,0.1 g,4.83 g,20.0 kcal
"Ginger root, raw",2.0,1.0 tsp,78.89 g,16.0 mg,1.82 g,1.7 g,0.75 g,17.77 g,80.0 kcal
"Gourd, dishcloth (towelgourd), cooked, boiled, drained, with salt",178.0,"1.0 cup (1"" pieces)",84.29 g,9.0 mg,0.66 g,5.17 g,0.34 g,13.75 g,54.0 kcal
"Gourd, dishcloth (towelgourd), cooked, boiled, drained, without salt",178.0,"1.0 cup (1"" pieces)",84.29 g,9.0 mg,0.66 g,5.17 g,0.34 g,14.34 g,56.0 kcal
"Gourd, dishcloth (towelgourd), raw",95.0,"1.0 cup (1"" pieces)",93.85 g,-- mg,1.2 g,2.02 g,0.2 g,4.35 g,20.0 kcal
"Gourd, white-flowered (calabash), cooked, boiled, drained, with salt",146.0,"1.0 cup (1"" cubes)",95.32 g,24.0 mg,0.6 g,-- g,0.02 g,3.1 g,13.0 kcal
"Gourd, white-flowered (calabash), cooked, boiled, drained, without salt",146.0,"1.0 cup (1"" cubes)",95.32 g,24.0 mg,0.6 g,-- g,0.02 g,3.69 g,15.0 kcal
"Gourd, white-flowered (calabash), raw",58.0,"0.5 cup (1"" pieces)",95.54 g,26.0 mg,0.62 g,-- g,0.02 g,3.39 g,14.0 kcal
"Grape leaves, canned",4.0,1.0 leaf,76.1 g,289.0 mg,4.27 g,-- g,1.97 g,11.71 g,69.0 kcal
"Grape leaves, raw",14.0,1.0 cup,73.32 g,363.0 mg,5.6 g,6.3 g,2.12 g,17.31 g,93.0 kcal
HEALTHY REQUEST Tomato juice,243.0,8.0 fl oz,93.7 g,8.0 mg,0.82 g,3.7 g,0.0 g,4.53 g,21.0 kcal
"Hearts of palm, canned",146.0,1.0 cup,90.2 g,58.0 mg,2.52 g,-- g,0.62 g,4.62 g,28.0 kcal
"Hyacinth-beans, immature seeds, cooked, boiled, drained, with salt",87.0,1.0 cup,86.9 g,41.0 mg,2.95 g,-- g,0.27 g,9.2 g,50.0 kcal
"Hyacinth-beans, immature seeds, cooked, boiled, drained, without salt",87.0,1.0 cup,86.9 g,41.0 mg,2.95 g,-- g,0.27 g,9.2 g,50.0 kcal
"Hyacinth-beans, immature seeds, raw",80.0,1.0 cup,87.87 g,50.0 mg,2.1 g,4.08 g,0.2 g,9.19 g,46.0 kcal
"Jerusalem-artichokes, raw",150.0,1.0 cup slices,78.01 g,14.0 mg,2.0 g,9.6 g,0.01 g,17.44 g,73.0 kcal
"Jew's ear, (pepeao), raw",99.0,1.0 cup slices,92.59 g,16.0 mg,0.48 g,-- g,0.04 g,6.75 g,25.0 kcal
"Jute, potherb, cooked, boiled, drained, with salt",87.0,1.0 cup,87.15 g,211.0 mg,3.68 g,1.0 g,0.2 g,7.29 g,37.0 kcal
"Jute, potherb, cooked, boiled, drained, without salt",87.0,1.0 cup,87.15 g,211.0 mg,3.68 g,1.0 g,0.2 g,7.29 g,37.0 kcal
"Jute, potherb, raw",28.0,1.0 cup,87.72 g,208.0 mg,4.65 g,-- g,0.25 g,5.8 g,34.0 kcal
"Kale, cooked, boiled, drained, with salt",130.0,"1.0 cup, chopped",91.2 g,72.0 mg,1.9 g,1.25 g,0.4 g,5.63 g,28.0 kcal
"Kale, cooked, boiled, drained, without salt",130.0,"1.0 cup, chopped",91.2 g,72.0 mg,1.9 g,1.25 g,0.4 g,5.63 g,28.0 kcal
"Kale, frozen, cooked, boiled, drained, with salt",130.0,"1.0 cup, chopped",90.5 g,138.0 mg,2.84 g,1.34 g,0.49 g,5.23 g,30.0 kcal
"Kale, frozen, cooked, boiled, drained, without salt",130.0,"1.0 cup, chopped",90.5 g,138.0 mg,2.84 g,1.34 g,0.49 g,5.23 g,30.0 kcal
"Kale, frozen, unprepared",94.0,0.333 package (10 oz),91.12 g,136.0 mg,2.66 g,-- g,0.46 g,4.9 g,28.0 kcal
"Kale, raw",16.0,"1.0 cup 1"" pieces, loosely packed",84.04 g,150.0 mg,4.28 g,2.26 g,0.93 g,8.75 g,49.0 kcal
"Kale, scotch, cooked, boiled, drained, with salt",130.0,"1.0 cup, chopped",91.2 g,132.0 mg,1.9 g,-- g,0.41 g,5.62 g,28.0 kcal
"Kale, scotch, cooked, boiled, drained, without salt",130.0,"1.0 cup, chopped",91.2 g,132.0 mg,1.9 g,-- g,0.41 g,5.63 g,28.0 kcal
"Kale, scotch, raw",67.0,"1.0 cup, chopped",87.0 g,205.0 mg,2.8 g,-- g,0.6 g,8.32 g,42.0 kcal
"Kanpyo, (dried gourd strips)",6.3,1.0 strip,19.97 g,280.0 mg,8.58 g,-- g,0.56 g,65.03 g,258.0 kcal
"Kohlrabi, cooked, boiled, drained, with salt",165.0,1.0 cup slices,90.3 g,25.0 mg,1.8 g,2.8 g,0.11 g,6.69 g,29.0 kcal
"Kohlrabi, cooked, boiled, drained, without salt",165.0,1.0 cup slices,90.3 g,25.0 mg,1.8 g,2.8 g,0.11 g,6.69 g,29.0 kcal
"Kohlrabi, raw",135.0,1.0 cup,91.0 g,24.0 mg,1.7 g,2.6 g,0.1 g,6.2 g,27.0 kcal
"Lambsquarters, cooked, boiled, drained, with salt",180.0,"1.0 cup, chopped",88.9 g,258.0 mg,3.2 g,0.62 g,0.7 g,5.0 g,32.0 kcal
"Lambsquarters, cooked, boiled, drained, without salt",180.0,"1.0 cup, chopped",88.9 g,258.0 mg,3.2 g,0.62 g,0.7 g,5.0 g,32.0 kcal
"Leeks, (bulb and lower leaf-portion), cooked, boiled, drained, with salt",124.0,1.0 leek,90.8 g,30.0 mg,0.81 g,2.11 g,0.2 g,7.62 g,31.0 kcal
"Leeks, (bulb and lower leaf-portion), cooked, boiled, drained, without salt",124.0,1.0 leek,90.8 g,30.0 mg,0.81 g,2.11 g,0.2 g,7.62 g,31.0 kcal
"Leeks, (bulb and lower leaf-portion), raw",89.0,1.0 cup,83.0 g,59.0 mg,1.5 g,3.9 g,0.3 g,14.15 g,61.0 kcal
"Leeks, (bulb and lower-leaf portion), freeze-dried",0.2,1.0 tbsp,2.0 g,360.0 mg,15.2 g,-- g,2.1 g,74.65 g,321.0 kcal
"Lemon grass (citronella), raw",67.0,1.0 cup,70.58 g,65.0 mg,1.82 g,-- g,0.49 g,25.31 g,99.0 kcal
"Lentils, sprouted, raw",77.0,1.0 cup,67.34 g,25.0 mg,8.96 g,-- g,0.55 g,22.14 g,106.0 kcal
"Lettuce, butterhead (includes boston and bibb types), raw",55.0,"1.0 cup, shredded or chopped",95.63 g,35.0 mg,1.35 g,0.94 g,0.22 g,2.23 g,13.0 kcal
"Lettuce, cos or romaine, raw",47.0,1.0 cup shredded,94.61 g,33.0 mg,1.23 g,1.19 g,0.3 g,3.29 g,17.0 kcal
"Lettuce, green leaf, raw",36.0,1.0 cup shredded,94.98 g,36.0 mg,1.36 g,0.78 g,0.15 g,2.87 g,15.0 kcal
"Lettuce, iceberg (includes crisphead types), raw",72.0,1.0 cup shredded,95.64 g,18.0 mg,0.9 g,1.97 g,0.14 g,2.97 g,14.0 kcal
"Lettuce, red leaf, raw",28.0,1.0 cup shredded,95.64 g,33.0 mg,1.33 g,0.48 g,0.22 g,2.26 g,16.0 kcal
"Lima beans, immature seeds, canned, no salt added, solids and liquids",248.0,1.0 cup,81.17 g,28.0 mg,4.07 g,0.93 g,0.29 g,13.33 g,71.0 kcal
"Lima beans, immature seeds, canned, regular pack, solids and liquids",124.0,0.5 cup,81.17 g,28.0 mg,4.07 g,-- g,0.29 g,13.33 g,71.0 kcal
"Lima beans, immature seeds, cooked, boiled, drained, with salt",170.0,1.0 cup,67.17 g,32.0 mg,6.81 g,1.63 g,0.32 g,23.64 g,123.0 kcal
"Lima beans, immature seeds, cooked, boiled, drained, without salt",170.0,1.0 cup,67.17 g,32.0 mg,6.81 g,1.63 g,0.32 g,23.64 g,123.0 kcal
"Lima beans, immature seeds, frozen, baby, cooked, boiled, drained, with salt",180.0,1.0 cup,72.35 g,28.0 mg,6.65 g,1.37 g,0.3 g,19.45 g,105.0 kcal
"Lima beans, immature seeds, frozen, baby, cooked, boiled, drained, without salt",180.0,1.0 cup,72.35 g,28.0 mg,6.65 g,1.37 g,0.3 g,19.45 g,105.0 kcal
"Lima beans, immature seeds, frozen, baby, unprepared",164.0,1.0 cup,65.46 g,35.0 mg,7.59 g,-- g,0.44 g,25.14 g,132.0 kcal
"Lima beans, immature seeds, frozen, fordhook, cooked, boiled, drained, with salt",170.0,1.0 cup,72.98 g,30.0 mg,6.07 g,1.34 g,0.34 g,19.32 g,103.0 kcal
"Lima beans, immature seeds, frozen, fordhook, cooked, boiled, drained, without salt",170.0,1.0 cup,72.98 g,30.0 mg,6.07 g,1.34 g,0.34 g,19.32 g,103.0 kcal
"Lima beans, immature seeds, frozen, fordhook, unprepared",160.0,1.0 cup,72.05 g,24.0 mg,6.4 g,1.39 g,0.35 g,19.83 g,106.0 kcal
"Lima beans, immature seeds, raw",156.0,1.0 cup,70.24 g,34.0 mg,6.84 g,1.48 g,0.86 g,20.17 g,113.0 kcal
"Lotus root, cooked, boiled, drained, with salt",60.0,0.5 cup,81.42 g,26.0 mg,1.58 g,-- g,0.07 g,16.02 g,66.0 kcal
"Lotus root, cooked, boiled, drained, without salt",60.0,0.5 cup,81.42 g,26.0 mg,1.58 g,0.5 g,0.07 g,16.02 g,66.0 kcal
"Lotus root, raw",81.0,"10.0 slices (2-1/2"" dia)",79.1 g,45.0 mg,2.6 g,-- g,0.1 g,17.23 g,74.0 kcal
"Malabar spinach, cooked",44.0,1.0 cup,92.5 g,124.0 mg,2.98 g,-- g,0.78 g,2.71 g,23.0 kcal
"Mountain yam, hawaii, cooked, steamed, with salt",145.0,"1.0 cup, cubes",77.14 g,8.0 mg,1.73 g,-- g,0.08 g,19.99 g,82.0 kcal
"Mountain yam, hawaii, cooked, steamed, without salt",145.0,"1.0 cup, cubes",77.14 g,8.0 mg,1.73 g,-- g,0.08 g,20.0 g,82.0 kcal
"Mountain yam, hawaii, raw",68.0,"0.5 cup, cubes",81.44 g,26.0 mg,1.34 g,0.31 g,0.1 g,16.3 g,67.0 kcal
"Mung beans, mature seeds, sprouted, cooked, boiled, drained, with salt",124.0,1.0 cup,93.39 g,12.0 mg,2.03 g,2.84 g,0.09 g,3.6 g,19.0 kcal
"Mung beans, mature seeds, sprouted, cooked, boiled, drained, without salt",124.0,1.0 cup,93.39 g,12.0 mg,2.03 g,2.84 g,0.09 g,4.19 g,21.0 kcal
"Mung beans, mature seeds, sprouted, cooked, stir-fried",124.0,1.0 cup,84.3 g,13.0 mg,4.3 g,-- g,0.21 g,10.59 g,50.0 kcal
"Mung beans, mature seeds, sprouted, raw",104.0,1.0 cup,90.4 g,13.0 mg,3.04 g,4.13 g,0.18 g,5.94 g,30.0 kcal
"Mushroom, white, exposed to ultraviolet light, raw",70.0,1.0 cup pieces or slices,92.45 g,3.0 mg,3.09 g,1.98 g,0.34 g,3.26 g,22.0 kcal
"Mushrooms, brown, italian, or crimini, exposed to ultraviolet light, raw",87.0,1.0 cup whole,92.12 g,18.0 mg,2.5 g,1.72 g,0.1 g,4.3 g,22.0 kcal
"Mushrooms, brown, italian, or crimini, raw",87.0,1.0 cup whole,92.12 g,18.0 mg,2.5 g,1.72 g,0.1 g,4.3 g,22.0 kcal
"Mushrooms, canned, drained solids",156.0,1.0 cup,91.08 g,11.0 mg,1.87 g,2.34 g,0.29 g,5.09 g,25.0 kcal
"Mushrooms, Chanterelle, raw",54.0,1.0 cup,89.85 g,15.0 mg,1.49 g,1.16 g,0.53 g,6.86 g,38.0 kcal
"Mushrooms, enoki, raw",5.0,1.0 large,88.34 g,0.0 mg,2.66 g,0.22 g,0.29 g,7.81 g,37.0 kcal
"Mushrooms, maitake, raw",70.0,1.0 cup diced,90.37 g,1.0 mg,1.94 g,2.07 g,0.19 g,6.97 g,31.0 kcal
"Mushrooms, morel, raw",66.0,1.0 cup,89.61 g,43.0 mg,3.12 g,0.6 g,0.57 g,5.1 g,31.0 kcal
"Mushrooms, oyster, raw",148.0,1.0 large,89.18 g,3.0 mg,3.31 g,1.11 g,0.41 g,6.09 g,33.0 kcal
"Mushrooms, portabella, exposed to ultraviolet light, grilled",121.0,1.0 cup sliced,90.66 g,3.0 mg,3.28 g,2.26 g,0.58 g,4.44 g,29.0 kcal
"Mushrooms, portabella, exposed to ultraviolet light, raw",86.0,1.0 cup diced,92.82 g,3.0 mg,2.11 g,2.5 g,0.35 g,3.87 g,22.0 kcal
"Mushrooms, portabella, grilled",121.0,1.0 cup sliced,90.66 g,3.0 mg,3.28 g,2.26 g,0.58 g,4.44 g,29.0 kcal
"Mushrooms, portabella, raw",86.0,1.0 cup diced,92.82 g,3.0 mg,2.11 g,2.5 g,0.35 g,3.87 g,22.0 kcal
"Mushrooms, shiitake, cooked, with salt",145.0,1.0 cup pieces,83.48 g,3.0 mg,1.56 g,3.84 g,0.22 g,14.39 g,56.0 kcal
"Mushrooms, shiitake, cooked, without salt",145.0,1.0 cup pieces,83.48 g,3.0 mg,1.56 g,3.84 g,0.22 g,14.39 g,56.0 kcal
"Mushrooms, shiitake, dried",3.6,1.0 mushroom,9.5 g,11.0 mg,9.58 g,2.21 g,0.99 g,75.37 g,296.0 kcal
"Mushrooms, shiitake, raw",19.0,1.0 piece whole,89.74 g,2.0 mg,2.24 g,2.38 g,0.49 g,6.79 g,34.0 kcal
"Mushrooms, shiitake, stir-fried",89.0,1.0 cup whole,87.74 g,2.0 mg,3.45 g,0.3 g,0.35 g,7.68 g,39.0 kcal
"Mushrooms, straw, canned, drained solids",182.0,1.0 cup,89.88 g,10.0 mg,3.83 g,-- g,0.68 g,4.64 g,32.0 kcal
"Mushrooms, white, cooked, boiled, drained, with salt",156.0,1.0 cup pieces,91.08 g,6.0 mg,2.17 g,2.34 g,0.47 g,5.29 g,28.0 kcal
"Mushrooms, white, cooked, boiled, drained, without salt",156.0,1.0 cup pieces,91.08 g,6.0 mg,2.17 g,2.34 g,0.47 g,5.29 g,28.0 kcal
"Mushrooms, white, raw",70.0,"1.0 cup, pieces or slices",92.45 g,3.0 mg,3.09 g,1.98 g,0.34 g,3.26 g,22.0 kcal
"Mushrooms, white, stir-fried",108.0,1.0 cup sliced,91.1 g,4.0 mg,3.58 g,0.0 g,0.33 g,4.04 g,26.0 kcal
"Mustard greens, cooked, boiled, drained, with salt",140.0,"1.0 cup, chopped",91.78 g,118.0 mg,2.56 g,1.41 g,0.47 g,4.51 g,26.0 kcal
"Mustard greens, cooked, boiled, drained, without salt",140.0,"1.0 cup, chopped",91.78 g,118.0 mg,2.56 g,1.41 g,0.47 g,4.51 g,26.0 kcal
"Mustard greens, frozen, cooked, boiled, drained, with salt",150.0,"1.0 cup, chopped or diced",93.8 g,101.0 mg,2.27 g,0.32 g,0.25 g,3.11 g,19.0 kcal
"Mustard greens, frozen, cooked, boiled, drained, without salt",150.0,"1.0 cup, chopped",93.8 g,101.0 mg,2.27 g,0.32 g,0.25 g,3.11 g,19.0 kcal
"Mustard greens, frozen, unprepared",146.0,"1.0 cup, chopped",93.21 g,116.0 mg,2.49 g,-- g,0.27 g,3.41 g,20.0 kcal
"Mustard greens, raw",56.0,"1.0 cup, chopped",90.7 g,115.0 mg,2.86 g,1.32 g,0.42 g,4.67 g,27.0 kcal
"Mustard spinach, (tendergreen), cooked, boiled, drained, with salt",180.0,"1.0 cup, chopped",94.5 g,158.0 mg,1.7 g,-- g,0.2 g,2.8 g,16.0 kcal
"Mustard spinach, (tendergreen), cooked, boiled, drained, without salt",180.0,"1.0 cup, chopped",94.5 g,158.0 mg,1.7 g,-- g,0.2 g,2.8 g,16.0 kcal
"Mustard spinach, (tendergreen), raw",150.0,"1.0 cup, chopped",92.2 g,210.0 mg,2.2 g,-- g,0.3 g,3.9 g,22.0 kcal
"New zealand spinach, cooked, boiled, drained, with salt",180.0,"1.0 cup, chopped",94.8 g,48.0 mg,1.3 g,0.25 g,0.17 g,2.13 g,12.0 kcal
"New Zealand spinach, cooked, boiled, drained, without salt",180.0,"1.0 cup, chopped",94.8 g,48.0 mg,1.3 g,0.25 g,0.17 g,2.13 g,12.0 kcal
"New Zealand spinach, raw",56.0,"1.0 cup, chopped",94.0 g,58.0 mg,1.5 g,0.29 g,0.2 g,2.5 g,14.0 kcal
"Nopales, cooked, without salt",149.0,1.0 cup,94.31 g,164.0 mg,1.35 g,1.12 g,0.05 g,3.28 g,15.0 kcal
"Nopales, raw",86.0,"1.0 cup, sliced",94.12 g,164.0 mg,1.32 g,1.15 g,0.09 g,3.33 g,16.0 kcal
"Okra, cooked, boiled, drained, with salt",80.0,0.5 cup slices,92.57 g,77.0 mg,1.87 g,2.4 g,0.21 g,4.51 g,22.0 kcal
"Okra, cooked, boiled, drained, without salt",80.0,0.5 cup slices,92.57 g,77.0 mg,1.87 g,2.4 g,0.21 g,4.51 g,22.0 kcal
"Okra, frozen, cooked, boiled, drained, with salt",92.0,0.5 cup slices,91.12 g,74.0 mg,1.63 g,2.87 g,0.24 g,6.41 g,34.0 kcal
"Okra, frozen, cooked, boiled, drained, without salt",92.0,0.5 cup slices,91.12 g,74.0 mg,1.63 g,2.87 g,0.24 g,6.41 g,29.0 kcal
"Okra, frozen, unprepared",95.0,0.33 package (10 oz),90.82 g,81.0 mg,1.69 g,2.97 g,0.25 g,6.63 g,30.0 kcal
"Okra, raw",100.0,1.0 cup,89.58 g,82.0 mg,1.93 g,1.48 g,0.19 g,7.45 g,33.0 kcal
"Onion rings, breaded, par fried, frozen, prepared, heated in oven",48.0,1.0 cup,46.37 g,31.0 mg,4.14 g,5.1 g,14.3 g,33.79 g,276.0 kcal
"Onion rings, breaded, par fried, frozen, unprepared",85.0,6.0 rings,51.22 g,46.0 mg,3.15 g,-- g,14.1 g,30.53 g,258.0 kcal
"Onions, canned, solids and liquids",63.0,1.0 onion,94.1 g,45.0 mg,0.85 g,2.2 g,0.09 g,4.02 g,19.0 kcal
"Onions, cooked, boiled, drained, with salt",210.0,1.0 cup,87.86 g,22.0 mg,1.36 g,4.73 g,0.19 g,9.56 g,42.0 kcal
"Onions, cooked, boiled, drained, without salt",210.0,1.0 cup,87.86 g,22.0 mg,1.36 g,4.73 g,0.19 g,10.15 g,44.0 kcal
"Onions, dehydrated flakes",5.0,1.0 tbsp,3.93 g,257.0 mg,8.95 g,37.41 g,0.46 g,83.28 g,349.0 kcal
"Onions, frozen, chopped, cooked, boiled, drained, with salt",15.0,1.0 tbsp chopped,92.24 g,16.0 mg,0.77 g,2.9 g,0.1 g,6.0 g,26.0 kcal
"Onions, frozen, chopped, cooked, boiled, drained, without salt",15.0,1.0 tbsp chopped,92.24 g,16.0 mg,0.77 g,2.9 g,0.1 g,6.59 g,28.0 kcal
"Onions, frozen, chopped, unprepared",95.0,0.33 package (10 oz),91.99 g,17.0 mg,0.79 g,-- g,0.1 g,6.82 g,29.0 kcal
"Onions, frozen, whole, cooked, boiled, drained, with salt",210.0,1.0 cup,92.24 g,27.0 mg,0.71 g,2.9 g,0.05 g,6.11 g,26.0 kcal
"Onions, frozen, whole, cooked, boiled, drained, without salt",210.0,1.0 cup,92.24 g,27.0 mg,0.71 g,2.9 g,0.05 g,6.7 g,28.0 kcal
"Onions, frozen, whole, unprepared",95.0,0.33 package (10 oz),90.22 g,36.0 mg,0.89 g,3.81 g,0.06 g,8.45 g,35.0 kcal
"Onions, raw",160.0,"1.0 cup, chopped",89.11 g,23.0 mg,1.1 g,4.24 g,0.1 g,9.34 g,40.0 kcal
"Onions, spring or scallions (includes tops and bulb), raw",100.0,"1.0 cup, chopped",89.83 g,72.0 mg,1.83 g,2.33 g,0.19 g,7.34 g,32.0 kcal
"Onions, sweet, raw",148.0,1.0 NLEA serving,91.24 g,20.0 mg,0.8 g,5.02 g,0.08 g,7.55 g,32.0 kcal
"Onions, yellow, sauteed",87.0,1.0 cup chopped,80.01 g,20.0 mg,0.95 g,-- g,10.8 g,7.86 g,132.0 kcal
"Onions, young green, tops only",6.0,1.0 tbsp,92.32 g,52.0 mg,0.97 g,3.91 g,0.47 g,5.74 g,27.0 kcal
"PACE, Diced Green Chilies",30.0,2.0 tbsp,92.3 g,-- mg,0.0 g,3.33 g,-- g,6.67 g,27.0 kcal
"PACE, Jalapenos Nacho Sliced Peppers",30.0,1.0 oz,91.3 g,67.0 mg,0.0 g,-- g,-- g,3.33 g,13.0 kcal
"Parsley, freeze-dried",0.4,1.0 tbsp,2.0 g,176.0 mg,31.3 g,-- g,5.2 g,42.38 g,271.0 kcal
"Parsley, fresh",60.0,1.0 cup chopped,87.71 g,138.0 mg,2.97 g,0.85 g,0.79 g,6.33 g,36.0 kcal
"Parsnips, cooked, boiled, drained, with salt",78.0,0.5 cup slices,80.24 g,37.0 mg,1.32 g,4.8 g,0.3 g,17.01 g,71.0 kcal
"Parsnips, cooked, boiled, drained, without salt",78.0,0.5 cup slices,80.24 g,37.0 mg,1.32 g,4.8 g,0.3 g,17.01 g,71.0 kcal
"Parsnips, raw",133.0,1.0 cup slices,79.53 g,36.0 mg,1.2 g,4.8 g,0.3 g,17.99 g,75.0 kcal
"Peas and carrots, canned, no salt added, solids and liquids",255.0,1.0 cup,88.15 g,23.0 mg,2.17 g,2.83 g,0.27 g,8.48 g,38.0 kcal
"Peas and carrots, canned, regular pack, solids and liquids",255.0,1.0 cup,88.15 g,23.0 mg,2.17 g,-- g,0.27 g,8.48 g,38.0 kcal
"Peas and carrots, frozen, cooked, boiled, drained, with salt",80.0,0.5 cup,85.8 g,23.0 mg,3.09 g,4.36 g,0.42 g,10.12 g,48.0 kcal
"Peas and carrots, frozen, cooked, boiled, drained, without salt",278.0,1.0 package (10 oz) yields,85.8 g,23.0 mg,3.09 g,4.36 g,0.42 g,10.12 g,48.0 kcal
"Peas and carrots, frozen, unprepared",70.0,0.5 cup,84.36 g,27.0 mg,3.4 g,-- g,0.47 g,11.15 g,53.0 kcal
"Peas and onions, canned, solids and liquids",120.0,1.0 cup,86.4 g,17.0 mg,3.28 g,-- g,0.38 g,8.57 g,51.0 kcal
"Peas and onions, frozen, cooked, boiled, drained, with salt",180.0,1.0 cup,88.18 g,14.0 mg,2.54 g,3.77 g,0.2 g,8.63 g,45.0 kcal
"Peas and onions, frozen, cooked, boiled, drained, without salt",180.0,1.0 cup,88.18 g,14.0 mg,2.54 g,3.77 g,0.2 g,8.63 g,45.0 kcal
"Peas and onions, frozen, unprepared",69.0,0.5 cup,81.5 g,23.0 mg,3.98 g,-- g,0.32 g,13.51 g,70.0 kcal
"Peas, edible-podded, boiled, drained, without salt",160.0,1.0 cup,88.91 g,-- mg,3.27 g,3.99 g,0.23 g,7.05 g,42.0 kcal
"Peas, edible-podded, cooked, boiled, drained, with salt",160.0,1.0 cup,88.91 g,42.0 mg,3.27 g,3.99 g,0.23 g,6.46 g,40.0 kcal
"Peas, edible-podded, frozen, cooked, boiled, drained, with salt",160.0,1.0 cup,86.6 g,59.0 mg,3.5 g,4.82 g,0.38 g,8.43 g,50.0 kcal
"Peas, edible-podded, frozen, cooked, boiled, drained, without salt",160.0,1.0 cup,86.6 g,59.0 mg,3.5 g,4.82 g,0.38 g,9.02 g,52.0 kcal
"Peas, edible-podded, frozen, unprepared",144.0,1.0 cup,89.3 g,50.0 mg,2.8 g,-- g,0.3 g,7.2 g,42.0 kcal
"Peas, edible-podded, raw",98.0,"1.0 cup, chopped",88.89 g,43.0 mg,2.8 g,4.0 g,0.2 g,7.55 g,42.0 kcal
"Peas, green (includes baby and lesuer types), canned, drained solids, unprepared",175.0,1.0 cup,82.29 g,23.0 mg,4.47 g,2.99 g,0.8 g,11.36 g,68.0 kcal
"Peas, green, canned, drained solids, rinsed in tap water",257.0,1.0 can,81.89 g,24.0 mg,4.33 g,-- g,0.95 g,11.82 g,71.0 kcal
"Peas, green, canned, no salt added, drained solids",85.0,0.5 cup,81.7 g,20.0 mg,4.42 g,4.16 g,0.35 g,12.58 g,69.0 kcal
"Peas, green, canned, no salt added, solids and liquids",124.0,0.5 cup,85.92 g,18.0 mg,3.19 g,3.2 g,0.3 g,9.75 g,53.0 kcal
"Peas, green, canned, regular pack, solids and liquids",124.0,0.5 cup,85.13 g,20.0 mg,3.01 g,3.2 g,0.48 g,10.6 g,58.0 kcal
"Peas, green, canned, seasoned, solids and liquids",227.0,1.0 cup,86.51 g,15.0 mg,3.09 g,-- g,0.27 g,9.25 g,50.0 kcal
"Peas, green, cooked, boiled, drained, with salt",160.0,1.0 cup,77.87 g,27.0 mg,5.36 g,5.93 g,0.22 g,15.63 g,84.0 kcal
"Peas, green, cooked, boiled, drained, without salt",160.0,1.0 cup,77.87 g,27.0 mg,5.36 g,5.93 g,0.22 g,15.63 g,84.0 kcal
"Peas, green, frozen, cooked, boiled, drained, with salt",80.0,0.5 cup,79.52 g,24.0 mg,5.15 g,4.4 g,0.27 g,14.26 g,78.0 kcal
"Peas, green, frozen, cooked, boiled, drained, without salt",80.0,0.5 cup,79.52 g,24.0 mg,5.15 g,4.4 g,0.27 g,14.26 g,78.0 kcal
"Peas, green, frozen, unprepared",134.0,1.0 cup,79.98 g,22.0 mg,5.22 g,5.0 g,0.4 g,13.62 g,77.0 kcal
"Peas, green, raw",145.0,1.0 cup,78.86 g,25.0 mg,5.42 g,5.67 g,0.4 g,14.45 g,81.0 kcal
"Peas, mature seeds, sprouted, raw",120.0,1.0 cup,62.27 g,36.0 mg,8.8 g,-- g,0.68 g,27.11 g,124.0 kcal
"Pepeao, dried",24.0,1.0 cup,11.14 g,113.0 mg,4.82 g,-- g,0.44 g,81.03 g,298.0 kcal
"Pepper, banana, raw",124.0,1.0 cup,91.81 g,14.0 mg,1.66 g,1.95 g,0.45 g,5.35 g,27.0 kcal
"Peppers, ancho, dried",17.0,1.0 pepper,22.63 g,61.0 mg,11.86 g,-- g,8.2 g,51.42 g,281.0 kcal
"Peppers, chili, green, canned",139.0,1.0 cup,93.25 g,36.0 mg,0.72 g,-- g,0.27 g,4.6 g,21.0 kcal
"Peppers, hot chile, sun-dried",37.0,1.0 cup,7.15 g,45.0 mg,10.58 g,41.06 g,5.81 g,69.86 g,324.0 kcal
"Peppers, hot chili, green, canned, pods, excluding seeds, solids and liquids",73.0,1.0 pepper,92.5 g,7.0 mg,0.9 g,3.12 g,0.1 g,5.1 g,21.0 kcal
"Peppers, hot chili, green, raw",45.0,1.0 pepper,87.74 g,18.0 mg,2.0 g,5.1 g,0.2 g,9.46 g,40.0 kcal
"Peppers, hot chili, red, canned, excluding seeds, solids and liquids",73.0,1.0 pepper,92.5 g,7.0 mg,0.9 g,3.32 g,0.1 g,5.1 g,21.0 kcal
"Peppers, hot chili, red, raw",45.0,1.0 pepper,88.02 g,14.0 mg,1.87 g,5.3 g,0.44 g,8.81 g,40.0 kcal
"Peppers, hot pickled, canned",34.0,0.25 cup drained,90.2 g,61.0 mg,0.8 g,1.6 g,0.4 g,4.56 g,22.0 kcal
"Peppers, hungarian, raw",27.0,1.0 pepper,91.51 g,12.0 mg,0.8 g,3.53 g,0.41 g,6.7 g,29.0 kcal
"Peppers, jalapeno, canned, solids and liquids",136.0,"1.0 cup, chopped",88.89 g,23.0 mg,0.92 g,2.14 g,0.94 g,4.74 g,27.0 kcal
"Peppers, jalapeno, raw",90.0,"1.0 cup, sliced",91.69 g,12.0 mg,0.91 g,4.12 g,0.37 g,6.5 g,29.0 kcal
"Peppers, pasilla, dried",7.0,1.0 pepper,14.84 g,97.0 mg,12.35 g,-- g,15.85 g,51.13 g,345.0 kcal
"Peppers, serrano, raw",105.0,"1.0 cup, chopped",90.25 g,11.0 mg,1.74 g,3.83 g,0.44 g,6.7 g,32.0 kcal
"Peppers, sweet, green, canned, solids and liquids",140.0,"1.0 cup, halves",91.25 g,41.0 mg,0.8 g,-- g,0.3 g,3.9 g,18.0 kcal
"Peppers, sweet, green, cooked, boiled, drained, with salt",11.6,1.0 tbsp,91.87 g,9.0 mg,0.92 g,3.19 g,0.2 g,6.11 g,26.0 kcal
"Peppers, sweet, green, cooked, boiled, drained, without salt",135.0,"1.0 cup, chopped or strips",91.87 g,9.0 mg,0.92 g,3.19 g,0.2 g,6.7 g,28.0 kcal
"Peppers, sweet, green, freeze-dried",0.4,1.0 tbsp,2.0 g,134.0 mg,17.9 g,38.48 g,3.0 g,68.7 g,314.0 kcal
"Peppers, sweet, green, frozen, chopped, cooked, boiled, drained, with salt",135.0,"1.0 cup, chopped or strips",94.7 g,8.0 mg,0.95 g,-- g,0.18 g,3.31 g,16.0 kcal
"Peppers, sweet, green, frozen, chopped, unprepared",95.0,0.33 package (10 oz),93.96 g,9.0 mg,1.08 g,-- g,0.21 g,4.45 g,20.0 kcal
"Peppers, sweet, green, raw",149.0,"1.0 cup, chopped",93.89 g,10.0 mg,0.86 g,2.4 g,0.17 g,4.64 g,20.0 kcal
"Peppers, sweet, green, sauteed",115.0,1.0 cup chopped,82.65 g,8.0 mg,0.78 g,2.17 g,11.85 g,4.22 g,127.0 kcal
"Peppers, sweet, red, canned, solids and liquids",140.0,"1.0 cup, halves",91.25 g,41.0 mg,0.8 g,-- g,0.3 g,3.9 g,18.0 kcal
"Peppers, sweet, red, cooked, boiled, drained, with salt",12.0,1.0 tbsp,91.87 g,9.0 mg,0.92 g,4.39 g,0.2 g,6.11 g,26.0 kcal
"Peppers, sweet, red, cooked, boiled, drained, without salt",135.0,"1.0 cup, strips",91.87 g,9.0 mg,0.92 g,4.39 g,0.2 g,6.7 g,28.0 kcal
"Peppers, sweet, red, freeze-dried",0.4,1.0 tbsp,2.0 g,134.0 mg,17.9 g,40.77 g,3.0 g,68.7 g,314.0 kcal
"Peppers, sweet, red, frozen, chopped, boiled, drained, with salt",135.0,"1.0 cup, chopped or strips",94.7 g,8.0 mg,0.95 g,2.86 g,0.18 g,3.31 g,16.0 kcal
"Peppers, sweet, red, frozen, chopped, boiled, drained, without salt",135.0,"1.0 cup, chopped or strips",94.7 g,8.0 mg,0.95 g,2.86 g,0.18 g,3.31 g,16.0 kcal
"Peppers, sweet, red, frozen, chopped, unprepared",95.0,0.33 package (10 oz),93.96 g,9.0 mg,1.08 g,3.26 g,0.21 g,4.45 g,20.0 kcal
"Peppers, sweet, red, raw",149.0,"1.0 cup, chopped",92.21 g,7.0 mg,0.99 g,4.2 g,0.3 g,6.03 g,31.0 kcal
"Peppers, sweet, red, sauteed",106.0,1.0 cup chopped,78.95 g,7.0 mg,1.04 g,4.28 g,12.75 g,6.57 g,133.0 kcal
"Peppers, sweet, yellow, raw",186.0,"1.0 pepper, large (3-3/4"" long, 3"" dia)",92.02 g,11.0 mg,1.0 g,-- g,0.21 g,6.32 g,27.0 kcal
"Pickle relish, hamburger",15.0,1.0 tbsp,61.12 g,4.0 mg,0.63 g,-- g,0.54 g,34.48 g,129.0 kcal
"Pickle relish, hot dog",15.0,1.0 tbsp,71.65 g,5.0 mg,1.5 g,-- g,0.46 g,23.35 g,91.0 kcal
"Pickle relish, sweet",15.0,1.0 tbsp,62.07 g,3.0 mg,0.37 g,29.13 g,0.47 g,35.06 g,130.0 kcal
"Pickles, chowchow, with cauliflower onion mustard, sweet",245.0,1.0 cup,68.9 g,23.0 mg,1.5 g,23.88 g,0.9 g,26.64 g,121.0 kcal
"Pickles, cucumber, dill or kosher dill",35.0,"1.0 spear, small",94.34 g,57.0 mg,0.5 g,1.07 g,0.3 g,2.41 g,12.0 kcal
"Pickles, cucumber, dill, reduced sodium",35.0,"1.0 spear, small",94.34 g,57.0 mg,0.5 g,1.07 g,0.3 g,2.41 g,12.0 kcal
"Pickles, cucumber, sour",155.0,1.0 cup,94.08 g,0.0 mg,0.33 g,1.06 g,0.2 g,2.26 g,11.0 kcal
"Pickles, cucumber, sour, low sodium",143.0,"1.0 cup, chopped or diced",94.08 g,0.0 mg,0.33 g,1.06 g,0.2 g,2.26 g,11.0 kcal
"Pickles, cucumber, sweet (includes bread and butter pickles)",160.0,"1.0 cup, chopped",76.2 g,61.0 mg,0.58 g,18.27 g,0.41 g,21.15 g,91.0 kcal
"Pickles, cucumber, sweet, low sodium (includes bread and butter pickles)",6.0,1.0 slice,65.26 g,4.0 mg,0.37 g,26.68 g,0.26 g,33.73 g,122.0 kcal
"Pigeonpeas, immature seeds, cooked, boiled, drained, with salt",153.0,1.0 cup,71.8 g,41.0 mg,5.96 g,2.48 g,1.36 g,19.49 g,111.0 kcal
"Pigeonpeas, immature seeds, cooked, boiled, drained, without salt",153.0,1.0 cup,71.8 g,41.0 mg,5.96 g,2.48 g,1.36 g,19.49 g,111.0 kcal
"Pigeonpeas, immature seeds, raw",154.0,1.0 cup,65.88 g,42.0 mg,7.2 g,3.0 g,1.64 g,23.88 g,136.0 kcal
"Pimento, canned",12.0,1.0 tbsp,93.1 g,6.0 mg,1.1 g,2.71 g,0.3 g,5.1 g,23.0 kcal
Poi,240.0,1.0 cup,71.64 g,16.0 mg,0.38 g,0.39 g,0.14 g,27.23 g,112.0 kcal
"Pokeberry shoots, (poke), cooked, boiled, drained, with salt",165.0,1.0 cup,92.9 g,53.0 mg,2.3 g,1.6 g,0.4 g,3.1 g,20.0 kcal
"Pokeberry shoots, (poke), cooked, boiled, drained, without salt",165.0,1.0 cup,92.9 g,53.0 mg,2.3 g,1.6 g,0.4 g,3.1 g,20.0 kcal
"Pokeberry shoots, (poke), raw",160.0,1.0 cup,91.6 g,53.0 mg,2.6 g,-- g,0.4 g,3.7 g,23.0 kcal
Potato flour,160.0,1.0 cup,6.52 g,65.0 mg,6.9 g,3.52 g,0.34 g,83.1 g,357.0 kcal
Potato pancakes,22.0,"1.0 small 2-3/4 in. dia., 5/8 in. thick.",47.77 g,32.0 mg,6.08 g,1.79 g,14.76 g,27.81 g,268.0 kcal
"Potato puffs, frozen, oven-heated",79.0,10.0 puffs,59.65 g,14.0 mg,2.13 g,0.27 g,9.05 g,27.29 g,192.0 kcal
"Potato puffs, frozen, unprepared",120.0,1.0 cup,62.8 g,13.0 mg,1.93 g,0.28 g,8.71 g,24.8 g,178.0 kcal
"Potato salad, home-prepared",250.0,1.0 cup,76.0 g,19.0 mg,2.68 g,-- g,8.2 g,11.17 g,143.0 kcal
"Potatoes, au gratin, dry mix, prepared with water, whole milk and butter",137.0,0.167 package (5.5 oz) yields,78.98 g,83.0 mg,2.3 g,-- g,4.12 g,12.84 g,93.0 kcal
"Potatoes, au gratin, dry mix, unprepared",26.0,0.167 package (5.5 oz),4.97 g,311.0 mg,8.9 g,-- g,3.7 g,74.31 g,314.0 kcal
"Potatoes, au gratin, home-prepared from recipe using butter",245.0,1.0 cup,74.0 g,119.0 mg,5.06 g,-- g,7.59 g,11.27 g,132.0 kcal
"Potatoes, au gratin, home-prepared from recipe using margarine",245.0,1.0 cup,74.0 g,119.0 mg,5.06 g,-- g,7.59 g,11.27 g,132.0 kcal
"Potatoes, baked, flesh and skin, with salt",61.0,0.5 cup,74.89 g,15.0 mg,2.5 g,1.18 g,0.13 g,21.15 g,93.0 kcal
"Potatoes, baked, flesh and skin, without salt",148.0,1.0 NLEA serving,74.89 g,15.0 mg,2.5 g,1.18 g,0.13 g,21.15 g,93.0 kcal
"Potatoes, baked, flesh, with salt",61.0,0.5 cup,75.42 g,5.0 mg,1.96 g,1.7 g,0.1 g,21.55 g,93.0 kcal
"Potatoes, baked, flesh, without salt",61.0,0.5 cup,75.42 g,5.0 mg,1.96 g,1.7 g,0.1 g,21.55 g,93.0 kcal
"Potatoes, baked, skin only, with salt",58.0,1.0 skin,47.31 g,34.0 mg,4.29 g,1.4 g,0.1 g,46.06 g,198.0 kcal
"Potatoes, baked, skin, without salt",58.0,1.0 skin,47.31 g,34.0 mg,4.29 g,1.4 g,0.1 g,46.06 g,198.0 kcal
"Potatoes, boiled, cooked in skin, flesh, with salt",78.0,0.5 cup,76.98 g,5.0 mg,1.87 g,0.91 g,0.1 g,20.13 g,87.0 kcal
"Potatoes, boiled, cooked in skin, flesh, without salt",78.0,0.5 cup,76.98 g,5.0 mg,1.87 g,0.91 g,0.1 g,20.13 g,87.0 kcal
"Potatoes, boiled, cooked in skin, skin, with salt",34.0,1.0 skin,77.8 g,45.0 mg,2.86 g,-- g,0.1 g,17.2 g,78.0 kcal
"Potatoes, boiled, cooked in skin, skin, without salt",34.0,1.0 skin,77.8 g,45.0 mg,2.86 g,-- g,0.1 g,17.21 g,78.0 kcal
"Potatoes, boiled, cooked without skin, flesh, with salt",78.0,0.5 cup,77.46 g,8.0 mg,1.71 g,0.89 g,0.1 g,20.01 g,86.0 kcal
"Potatoes, boiled, cooked without skin, flesh, without salt",78.0,0.5 cup,77.46 g,8.0 mg,1.71 g,0.89 g,0.1 g,20.01 g,86.0 kcal
"Potatoes, canned, drained solids",180.0,1.0 cup,84.28 g,5.0 mg,1.41 g,-- g,0.21 g,13.61 g,60.0 kcal
"Potatoes, canned, drained solids, no salt added",180.0,1.0 cup,84.3 g,5.0 mg,1.4 g,0.59 g,0.2 g,13.6 g,62.0 kcal
"Potatoes, canned, solids and liquids",300.0,"1.0 cup, whole",87.83 g,39.0 mg,1.2 g,-- g,0.11 g,9.89 g,44.0 kcal
"Potatoes, flesh and skin, raw",75.0,"0.5 cup, diced",79.25 g,12.0 mg,2.05 g,0.82 g,0.09 g,17.49 g,77.0 kcal
"Potatoes, french fried, all types, salt added in processing, frozen, home-prepared, oven heated",76.0,10.0 fries,64.44 g,12.0 mg,2.75 g,0.37 g,5.48 g,25.55 g,158.0 kcal
"Potatoes, french fried, all types, salt added in processing, frozen, unprepared",89.0,10.0 strip,66.61 g,9.0 mg,2.24 g,0.2 g,4.66 g,24.81 g,147.0 kcal
"Potatoes, french fried, all types, salt not added in processing, frozen, as purchased",65.0,10.0 strips,66.61 g,9.0 mg,2.24 g,0.2 g,4.66 g,24.81 g,150.0 kcal
"Potatoes, french fried, all types, salt not added in processing, frozen, oven-heated",74.0,10.0 strip,61.51 g,12.0 mg,2.66 g,0.28 g,5.22 g,28.71 g,172.0 kcal
"Potatoes, french fried, cottage-cut, salt not added in processing, frozen, as purchased",65.0,10.0 strips,66.82 g,7.0 mg,2.42 g,-- g,5.78 g,23.98 g,153.0 kcal
"Potatoes, french fried, cottage-cut, salt not added in processing, frozen, oven-heated",50.0,10.0 strips,52.9 g,10.0 mg,3.44 g,-- g,8.2 g,34.03 g,218.0 kcal
"Potatoes, french fried, crinkle or regular cut, salt added in processing, frozen, as purchased",82.0,10.0 strip,67.11 g,13.0 mg,2.34 g,0.21 g,4.99 g,23.96 g,150.0 kcal
"Potatoes, french fried, crinkle or regular cut, salt added in processing, frozen, oven-heated",69.0,10.0 strip,63.07 g,13.0 mg,2.51 g,0.29 g,5.13 g,27.5 g,166.0 kcal
"Potatoes, french fried, cross cut, frozen, unprepared",85.0,3.0 oz,62.36 g,13.0 mg,2.7 g,0.49 g,10.0 g,22.95 g,193.0 kcal
"Potatoes, french fried, shoestring, salt added in processing, frozen, as purchased",30.0,10.0 strip,64.51 g,11.0 mg,2.16 g,0.2 g,6.24 g,25.59 g,167.0 kcal
"Potatoes, french fried, shoestring, salt added in processing, frozen, oven-heated",21.0,10.0 strip,56.62 g,12.0 mg,2.9 g,0.31 g,6.76 g,31.66 g,199.0 kcal
"Potatoes, french fried, steak cut, salt not added in processing, frozen, unprepared",85.0,3.0 oz,69.01 g,13.0 mg,2.4 g,0.21 g,3.42 g,24.31 g,138.0 kcal
"Potatoes, french fried, steak fries, salt added in processing, frozen, as purchased",153.0,10.0 strip,69.29 g,9.0 mg,2.19 g,0.2 g,3.39 g,23.51 g,133.0 kcal
"Potatoes, french fried, steak fries, salt added in processing, frozen, oven-heated",133.0,10.0 strip,64.85 g,10.0 mg,2.57 g,0.25 g,3.76 g,26.98 g,152.0 kcal
"Potatoes, french fried, wedge cut, frozen, unprepared",85.0,3.0 oz,66.06 g,14.0 mg,2.56 g,0.34 g,7.47 g,22.22 g,166.0 kcal
"Potatoes, frozen, french fried, par fried, cottage-cut, prepared, heated in oven, with salt",50.0,10.0 strips,52.9 g,10.0 mg,3.44 g,-- g,8.2 g,34.03 g,218.0 kcal
"Potatoes, frozen, french fried, par fried, extruded, prepared, heated in oven, without salt",50.0,10.0 strips,35.4 g,12.0 mg,3.55 g,-- g,18.71 g,39.68 g,333.0 kcal
"Potatoes, frozen, french fried, par fried, extruded, unprepared",65.0,10.0 strips,49.94 g,9.0 mg,2.83 g,-- g,14.95 g,30.15 g,260.0 kcal
"Potatoes, frozen, whole, unprepared",182.0,1.0 cup,79.3 g,8.0 mg,2.38 g,0.78 g,0.16 g,17.47 g,78.0 kcal
"Potatoes, hash brown, frozen, plain, prepared, pan fried in canola oil",150.0,1.0 cup prepared,55.95 g,17.0 mg,2.65 g,0.27 g,11.59 g,28.51 g,219.0 kcal
"Potatoes, hash brown, frozen, plain, unprepared",105.0,0.5 cup,78.85 g,10.0 mg,2.06 g,-- g,0.62 g,17.72 g,82.0 kcal
"Potatoes, hash brown, frozen, with butter sauce, unprepared",170.0,1.0 package (6 oz),72.51 g,25.0 mg,1.87 g,-- g,6.66 g,18.28 g,135.0 kcal
"Potatoes, hash brown, home-prepared",156.0,1.0 cup,47.25 g,14.0 mg,3.0 g,1.49 g,12.52 g,35.11 g,265.0 kcal
"Potatoes, hash brown, refrigerated, prepared, pan-fried in canola oil",130.0,1.0 cup prepared,50.57 g,10.0 mg,3.24 g,1.16 g,10.3 g,33.99 g,242.0 kcal
"Potatoes, hash brown, refrigerated, unprepared",159.0,1.0 cup unprepared,77.82 g,6.0 mg,1.75 g,0.91 g,0.08 g,19.16 g,84.0 kcal
"Potatoes, mashed, dehydrated, flakes without milk, dry form",60.0,1.0 cup,6.58 g,27.0 mg,8.34 g,3.36 g,0.41 g,81.17 g,354.0 kcal
"Potatoes, mashed, dehydrated, granules with milk, dry form",200.0,1.0 cup,6.3 g,142.0 mg,10.9 g,3.37 g,1.1 g,77.7 g,357.0 kcal
"Potatoes, mashed, dehydrated, granules without milk, dry form",200.0,1.0 cup,3.63 g,41.0 mg,8.22 g,3.47 g,0.54 g,85.51 g,372.0 kcal
"Potatoes, mashed, dehydrated, prepared from flakes without milk, whole milk and butter added",210.0,1.0 cup,81.2 g,32.0 mg,1.77 g,1.61 g,5.13 g,10.87 g,97.0 kcal
"Potatoes, mashed, dehydrated, prepared from flakes without milk, whole milk and margarine added",210.0,1.0 cup,76.3 g,49.0 mg,1.9 g,-- g,5.6 g,15.02 g,113.0 kcal
"Potatoes, mashed, dehydrated, prepared from granules with milk, water and margarine added",210.0,1.0 cup,76.01 g,35.0 mg,2.13 g,1.74 g,4.8 g,16.13 g,116.0 kcal
"Potatoes, mashed, dehydrated, prepared from granules without milk, whole milk and butter added",210.0,1.0 cup,77.49 g,35.0 mg,2.05 g,-- g,4.96 g,14.36 g,108.0 kcal
"Potatoes, mashed, home-prepared, whole milk added",210.0,1.0 cup,78.48 g,24.0 mg,1.91 g,1.48 g,0.57 g,17.57 g,83.0 kcal
"Potatoes, mashed, home-prepared, whole milk and butter added",210.0,1.0 cup,75.61 g,24.0 mg,1.86 g,1.43 g,4.22 g,16.81 g,113.0 kcal
"Potatoes, mashed, home-prepared, whole milk and margarine added",210.0,1.0 cup,75.25 g,21.0 mg,1.96 g,1.41 g,4.2 g,16.94 g,113.0 kcal
"Potatoes, mashed, prepared from granules, without milk, whole milk and margarine",210.0,1.0 cup,77.48 g,35.0 mg,2.05 g,-- g,4.93 g,14.4 g,108.0 kcal
"Potatoes, mashed, ready-to-eat",229.0,1.0 cup,78.27 g,34.0 mg,1.97 g,1.76 g,5.01 g,13.29 g,106.0 kcal
"Potatoes, microwaved, cooked in skin, flesh and skin, without salt",202.0,"1.0 potato (2-3/4"" dia by 4-3/4"" long)",72.04 g,11.0 mg,2.44 g,-- g,0.1 g,24.24 g,105.0 kcal
"Potatoes, microwaved, cooked in skin, flesh, with salt",78.0,0.5 cup,73.55 g,5.0 mg,2.1 g,-- g,0.1 g,23.28 g,100.0 kcal
"Potatoes, microwaved, cooked in skin, flesh, without salt",78.0,0.5 cup,73.55 g,5.0 mg,2.1 g,-- g,0.1 g,23.28 g,100.0 kcal
"Potatoes, microwaved, cooked in skin, skin, without salt",58.0,1.0 skin,63.5 g,46.0 mg,4.39 g,-- g,0.1 g,29.63 g,132.0 kcal
"Potatoes, microwaved, cooked, in skin, flesh and skin, with salt",202.0,"1.0 potato (2-1/3"" x 4-3/4"")",72.04 g,11.0 mg,2.44 g,-- g,0.1 g,24.24 g,105.0 kcal
"Potatoes, microwaved, cooked, in skin, skin with salt",58.0,1.0 skin,63.5 g,46.0 mg,4.39 g,-- g,0.1 g,29.63 g,132.0 kcal
"Potatoes, o'brien, home-prepared",194.0,1.0 cup,79.6 g,36.0 mg,2.35 g,-- g,1.28 g,15.47 g,81.0 kcal
"Potatoes, raw, skin",38.0,1.0 skin,83.29 g,30.0 mg,2.57 g,-- g,0.1 g,12.44 g,58.0 kcal
"Potatoes, red, flesh and skin, baked",299.0,"1.0 potato large (3"" to 4-1/4"" dia.",76.67 g,9.0 mg,2.3 g,1.43 g,0.15 g,19.59 g,89.0 kcal
"Potatoes, red, flesh and skin, raw",75.0,"0.5 cup, diced",80.96 g,10.0 mg,1.89 g,1.29 g,0.14 g,15.9 g,70.0 kcal
"Potatoes, roasted, salt added in processing, frozen, unprepared",85.0,3.0 oz,68.08 g,15.0 mg,2.22 g,0.69 g,1.81 g,26.15 g,130.0 kcal
"Potatoes, Russet, flesh and skin, baked",299.0,"1.0 potato large (3"" to 4-1/4"" dia.",74.45 g,18.0 mg,2.63 g,1.08 g,0.13 g,21.44 g,97.0 kcal
"Potatoes, russet, flesh and skin, raw",75.0,"0.5 cup, diced",78.58 g,13.0 mg,2.14 g,0.62 g,0.08 g,18.07 g,79.0 kcal
"Potatoes, scalloped, dry mix, prepared with water, whole milk and butter",245.0,1.0 cup (unprepared),79.17 g,36.0 mg,2.12 g,-- g,4.3 g,12.77 g,93.0 kcal
"Potatoes, scalloped, dry mix, unprepared",26.0,0.167 package (5.5 oz),6.22 g,62.0 mg,7.77 g,-- g,4.59 g,73.93 g,358.0 kcal
"Potatoes, scalloped, home-prepared with butter",245.0,1.0 cup,80.94 g,57.0 mg,2.87 g,-- g,3.68 g,10.78 g,88.0 kcal
"Potatoes, scalloped, home-prepared with margarine",245.0,1.0 cup,80.94 g,57.0 mg,2.87 g,-- g,3.68 g,10.78 g,88.0 kcal
"Potatoes, white, flesh and skin, baked",299.0,"1.0 potato large (3"" to 4-1/4"" dia)",75.43 g,10.0 mg,2.1 g,1.53 g,0.15 g,21.08 g,94.0 kcal
"Potatoes, white, flesh and skin, raw",75.0,"0.5 cup, diced",81.58 g,9.0 mg,1.68 g,1.15 g,0.1 g,15.71 g,69.0 kcal
"Potatoes, yellow fleshed, french fried, frozen, unprepared",85.0,3.0 oz,65.04 g,9.0 mg,2.47 g,0.37 g,5.84 g,25.01 g,162.0 kcal
"Potatoes, yellow fleshed, hash brown, shredded, salt added in processing, frozen, unprepared",85.0,3.0 oz,78.34 g,9.0 mg,2.04 g,0.23 g,0.07 g,17.98 g,81.0 kcal
"Potatoes, yellow fleshed, roasted, salt added in processing, frozen, unprepared",85.0,3.0 oz,70.96 g,11.0 mg,1.99 g,0.31 g,1.85 g,23.44 g,119.0 kcal
"Pumpkin flowers, cooked, boiled, drained, without salt",134.0,1.0 cup,95.2 g,37.0 mg,1.09 g,2.4 g,0.08 g,3.3 g,15.0 kcal
"Pumpkin flowers, raw",33.0,1.0 cup,95.15 g,39.0 mg,1.03 g,-- g,0.07 g,3.28 g,15.0 kcal
"Pumpkin leaves, cooked, boiled, drained, with salt",71.0,1.0 cup,92.51 g,43.0 mg,2.72 g,0.69 g,0.22 g,3.39 g,21.0 kcal
"Pumpkin leaves, cooked, boiled, drained, without salt",71.0,1.0 cup,92.51 g,43.0 mg,2.72 g,0.69 g,0.22 g,3.39 g,21.0 kcal
"Pumpkin leaves, raw",39.0,1.0 cup,92.88 g,39.0 mg,3.15 g,-- g,0.4 g,2.33 g,19.0 kcal
"Pumpkin pie mix, canned",270.0,1.0 cup,71.49 g,37.0 mg,1.09 g,-- g,0.13 g,26.39 g,104.0 kcal
"Pumpkin, canned, with salt",245.0,1.0 cup,89.97 g,26.0 mg,1.1 g,3.3 g,0.28 g,8.09 g,34.0 kcal
"Pumpkin, canned, without salt",245.0,1.0 cup,89.97 g,26.0 mg,1.1 g,3.3 g,0.28 g,8.09 g,34.0 kcal
"Pumpkin, cooked, boiled, drained, with salt",245.0,"1.0 cup, mashed",93.69 g,15.0 mg,0.72 g,2.08 g,0.07 g,4.31 g,18.0 kcal
"Pumpkin, cooked, boiled, drained, without salt",245.0,"1.0 cup, mashed",93.69 g,15.0 mg,0.72 g,2.08 g,0.07 g,4.9 g,20.0 kcal
"Pumpkin, flowers, cooked, boiled, drained, with salt",134.0,1.0 cup,95.2 g,37.0 mg,1.09 g,2.4 g,0.08 g,3.18 g,15.0 kcal
"Pumpkin, raw",116.0,"1.0 cup (1"" cubes)",91.6 g,21.0 mg,1.0 g,2.76 g,0.1 g,6.5 g,26.0 kcal
"Purslane, cooked, boiled, drained, with salt",115.0,1.0 cup,93.52 g,78.0 mg,1.49 g,-- g,0.19 g,3.55 g,18.0 kcal
"Purslane, cooked, boiled, drained, without salt",115.0,1.0 cup,93.52 g,78.0 mg,1.49 g,-- g,0.19 g,3.55 g,18.0 kcal
"Purslane, raw",43.0,1.0 cup,92.86 g,65.0 mg,2.03 g,-- g,0.36 g,3.39 g,20.0 kcal
"Radicchio, raw",40.0,"1.0 cup, shredded",93.14 g,19.0 mg,1.43 g,0.6 g,0.25 g,4.48 g,23.0 kcal
"Radish seeds, sprouted, raw",38.0,1.0 cup,90.07 g,51.0 mg,3.81 g,-- g,2.53 g,3.6 g,43.0 kcal
"Radishes, hawaiian style, pickled",150.0,1.0 cup,91.5 g,-- mg,1.1 g,2.0 g,0.3 g,5.2 g,28.0 kcal
"Radishes, oriental, cooked, boiled, drained, with salt",147.0,1.0 cup slices,95.04 g,-- mg,0.67 g,1.83 g,0.24 g,3.43 g,17.0 kcal
"Radishes, oriental, cooked, boiled, drained, without salt",147.0,"1.0 cup, sliced",95.04 g,-- mg,0.67 g,1.83 g,0.24 g,3.43 g,17.0 kcal
"Radishes, oriental, dried",116.0,1.0 cup,19.68 g,629.0 mg,7.9 g,37.32 g,0.72 g,63.37 g,271.0 kcal
"Radishes, oriental, raw",116.0,1.0 cup slices,94.62 g,27.0 mg,0.6 g,2.5 g,0.1 g,4.1 g,18.0 kcal
"Radishes, raw",116.0,1.0 cup slices,95.27 g,25.0 mg,0.68 g,1.86 g,0.1 g,3.4 g,16.0 kcal
"Radishes, white icicle, raw",50.0,0.5 cup slices,95.37 g,27.0 mg,1.1 g,-- g,0.1 g,2.63 g,14.0 kcal
"Rutabagas, cooked, boiled, drained, with salt",120.0,"0.5 cup, mashed",91.54 g,18.0 mg,0.93 g,3.95 g,0.18 g,6.84 g,30.0 kcal
"Rutabagas, cooked, boiled, drained, without salt",170.0,"1.0 cup, cubes",91.54 g,18.0 mg,0.93 g,3.95 g,0.18 g,6.84 g,30.0 kcal
"Rutabagas, raw",140.0,"1.0 cup, cubes",89.43 g,43.0 mg,1.08 g,4.46 g,0.16 g,8.62 g,37.0 kcal
"Salsify, (vegetable oyster), raw",133.0,1.0 cup slices,77.0 g,60.0 mg,3.3 g,-- g,0.2 g,18.6 g,82.0 kcal
"Salsify, cooked, boiled, drained, with salt",135.0,1.0 cup slices,81.0 g,47.0 mg,2.73 g,2.9 g,0.17 g,15.36 g,68.0 kcal
"Salsify, cooked, boiled, drained, without salt",135.0,"1.0 cup, sliced",81.0 g,47.0 mg,2.73 g,2.9 g,0.17 g,15.36 g,68.0 kcal
"Sauerkraut, canned, solids and liquids",142.0,1.0 cup,92.52 g,30.0 mg,0.91 g,1.78 g,0.14 g,4.28 g,19.0 kcal
"Seaweed, agar, raw",10.0,2.0 tbsp (1/8 cup),91.32 g,54.0 mg,0.54 g,0.28 g,0.03 g,6.75 g,26.0 kcal
"Seaweed, Canadian Cultivated EMI-TSUNOMATA, dry",5.0,0.25 cup,14.0 g,299.0 mg,15.34 g,-- g,1.39 g,46.24 g,259.0 kcal
"Seaweed, Canadian Cultivated EMI-TSUNOMATA, rehydrated",25.0,0.25 cup,89.55 g,36.0 mg,1.86 g,-- g,0.17 g,5.62 g,31.0 kcal
"Seaweed, irishmoss, raw",10.0,2.0 tbsp (1/8 cup),81.34 g,72.0 mg,1.51 g,0.61 g,0.16 g,12.29 g,49.0 kcal
"Seaweed, kelp, raw",10.0,2.0 tbsp (1/8 cup),81.58 g,168.0 mg,1.68 g,0.6 g,0.56 g,9.57 g,43.0 kcal
"Seaweed, laver, raw",26.0,10.0 sheets,85.03 g,70.0 mg,5.81 g,0.49 g,0.28 g,5.11 g,35.0 kcal
"Seaweed, spirulina, dried",112.0,1.0 cup,4.68 g,120.0 mg,57.47 g,3.1 g,7.72 g,23.9 g,290.0 kcal
"Seaweed, wakame, raw",10.0,2.0 tbsp (1/8 cup),79.99 g,150.0 mg,3.03 g,0.65 g,0.64 g,9.14 g,45.0 kcal
"Sesbania flower, cooked, steamed, with salt",104.0,1.0 cup,93.3 g,22.0 mg,1.14 g,-- g,0.05 g,5.1 g,21.0 kcal
"Sesbania flower, cooked, steamed, without salt",104.0,1.0 cup,93.3 g,-- mg,1.14 g,-- g,0.05 g,5.23 g,22.0 kcal
"Sesbania flower, raw",3.0,1.0 flower,91.58 g,19.0 mg,1.28 g,-- g,0.04 g,6.73 g,27.0 kcal
"Shallots, freeze-dried",0.9,1.0 tbsp,2.0 g,183.0 mg,12.3 g,38.16 g,0.5 g,80.7 g,348.0 kcal
"Shallots, raw",10.0,1.0 tbsp chopped,79.8 g,37.0 mg,2.5 g,7.87 g,0.1 g,16.8 g,72.0 kcal
"Soybeans, green, cooked, boiled, drained, with salt",180.0,1.0 cup,68.6 g,145.0 mg,12.35 g,-- g,6.4 g,11.05 g,141.0 kcal
"Soybeans, green, cooked, boiled, drained, without salt",180.0,1.0 cup,68.6 g,145.0 mg,12.35 g,-- g,6.4 g,11.05 g,141.0 kcal
"Soybeans, green, raw",256.0,1.0 cup,67.5 g,197.0 mg,12.95 g,-- g,6.8 g,11.05 g,147.0 kcal
"Soybeans, mature seeds, sprouted, cooked, steamed",94.0,1.0 cup,79.45 g,59.0 mg,8.47 g,0.52 g,4.45 g,6.53 g,81.0 kcal
"Soybeans, mature seeds, sprouted, cooked, steamed, with salt",94.0,1.0 cup,79.45 g,59.0 mg,8.47 g,0.43 g,4.45 g,6.53 g,81.0 kcal
"Soybeans, mature seeds, sprouted, raw",35.0,0.5 cup,69.05 g,67.0 mg,13.09 g,-- g,6.7 g,9.57 g,122.0 kcal
Spinach souffle,136.0,1.0 cup,70.73 g,165.0 mg,7.89 g,1.85 g,12.95 g,5.9 g,172.0 kcal
"Spinach, canned, no salt added, solids and liquids",234.0,1.0 cup,93.22 g,83.0 mg,2.11 g,0.33 g,0.37 g,2.92 g,19.0 kcal
"Spinach, canned, regular pack, drained solids",214.0,1.0 cup,91.78 g,127.0 mg,2.81 g,0.4 g,0.5 g,3.4 g,23.0 kcal
"Spinach, canned, regular pack, solids and liquids",234.0,1.0 cup,93.22 g,83.0 mg,2.11 g,0.33 g,0.37 g,2.92 g,19.0 kcal
"Spinach, cooked, boiled, drained, with salt",180.0,1.0 cup,91.21 g,136.0 mg,2.97 g,0.43 g,0.26 g,3.75 g,23.0 kcal
"Spinach, cooked, boiled, drained, without salt",180.0,1.0 cup,91.21 g,136.0 mg,2.97 g,0.43 g,0.26 g,3.75 g,23.0 kcal
"Spinach, frozen, chopped or leaf, cooked, boiled, drained, with salt",95.0,0.5 cup,88.94 g,153.0 mg,4.01 g,0.51 g,0.87 g,4.8 g,34.0 kcal
"Spinach, frozen, chopped or leaf, cooked, boiled, drained, without salt",95.0,0.5 cup,88.94 g,153.0 mg,4.01 g,0.51 g,0.87 g,4.8 g,34.0 kcal
"Spinach, frozen, chopped or leaf, unprepared",156.0,1.0 cup,90.17 g,129.0 mg,3.63 g,0.65 g,0.57 g,4.21 g,29.0 kcal
"Spinach, raw",30.0,1.0 cup,91.4 g,99.0 mg,2.86 g,0.42 g,0.39 g,3.63 g,23.0 kcal
"Squash, summer, all varieties, cooked, boiled, drained, with salt",180.0,1.0 cup slices,93.7 g,27.0 mg,0.91 g,2.59 g,0.31 g,4.31 g,20.0 kcal
"Squash, summer, all varieties, cooked, boiled, drained, without salt",180.0,"1.0 cup, sliced",93.7 g,27.0 mg,0.91 g,2.59 g,0.31 g,4.31 g,20.0 kcal
"Squash, summer, all varieties, raw",113.0,"1.0 cup, sliced",94.64 g,15.0 mg,1.21 g,2.2 g,0.18 g,3.35 g,16.0 kcal
"Squash, summer, crookneck and straightneck, canned, drained, solid, without salt",210.0,"1.0 cup, diced",96.04 g,12.0 mg,0.61 g,1.19 g,0.07 g,2.96 g,13.0 kcal
"Squash, summer, crookneck and straightneck, cooked, boiled, drained, with salt",180.0,1.0 cup slices,94.25 g,22.0 mg,1.04 g,2.48 g,0.39 g,3.79 g,19.0 kcal
"Squash, summer, crookneck and straightneck, cooked, boiled, drained, without salt",180.0,"1.0 cup, sliced",94.25 g,22.0 mg,1.04 g,2.48 g,0.39 g,3.79 g,23.0 kcal
"Squash, summer, crookneck and straightneck, frozen, cooked, boiled, drained, with salt",192.0,1.0 cup slices,92.24 g,20.0 mg,1.28 g,2.33 g,0.2 g,5.54 g,25.0 kcal
"Squash, summer, crookneck and straightneck, frozen, cooked, boiled, drained, without salt",192.0,1.0 cup slices,92.24 g,20.0 mg,1.28 g,2.33 g,0.2 g,5.54 g,25.0 kcal
"Squash, summer, crookneck and straightneck, frozen, unprepared",130.0,1.0 cup slices,93.66 g,18.0 mg,0.83 g,-- g,0.14 g,4.8 g,20.0 kcal
"Squash, summer, crookneck and straightneck, raw",127.0,1.0 cup sliced,94.28 g,21.0 mg,1.01 g,2.88 g,0.27 g,3.88 g,19.0 kcal
"Squash, summer, scallop, cooked, boiled, drained, with salt",90.0,0.5 cup slices,95.0 g,15.0 mg,1.03 g,1.5 g,0.17 g,3.3 g,16.0 kcal
"Squash, summer, scallop, cooked, boiled, drained, without salt",240.0,"1.0 cup, mashed",95.0 g,15.0 mg,1.03 g,1.5 g,0.17 g,3.3 g,16.0 kcal
"Squash, summer, scallop, raw",130.0,1.0 cup slices,94.18 g,19.0 mg,1.2 g,2.39 g,0.2 g,3.84 g,18.0 kcal
"Squash, summer, zucchini, includes skin, cooked, boiled, drained, with salt",90.0,0.5 cup slices,95.22 g,18.0 mg,1.14 g,1.71 g,0.36 g,2.69 g,15.0 kcal
"Squash, summer, zucchini, includes skin, cooked, boiled, drained, without salt",180.0,"1.0 cup, sliced",95.22 g,18.0 mg,1.14 g,1.71 g,0.36 g,2.69 g,15.0 kcal
"Squash, summer, zucchini, includes skin, frozen, cooked, boiled, drained, with salt",223.0,1.0 cup,94.74 g,17.0 mg,1.15 g,1.69 g,0.13 g,2.97 g,14.0 kcal
"Squash, summer, zucchini, includes skin, frozen, cooked, boiled, drained, without salt",223.0,1.0 cup,94.74 g,-- mg,1.15 g,1.69 g,0.13 g,3.56 g,17.0 kcal
"Squash, summer, zucchini, includes skin, frozen, unprepared",95.0,0.33 package (10 oz),94.7 g,18.0 mg,1.16 g,1.71 g,0.13 g,3.58 g,17.0 kcal
"Squash, summer, zucchini, includes skin, raw",124.0,"1.0 cup, chopped",94.79 g,16.0 mg,1.21 g,2.5 g,0.32 g,3.11 g,17.0 kcal
"Squash, summer, zucchini, italian style, canned",227.0,1.0 cup,90.61 g,17.0 mg,1.03 g,-- g,0.11 g,6.85 g,29.0 kcal
"Squash, winter, acorn, cooked, baked, with salt",205.0,"1.0 cup, cubes",82.9 g,44.0 mg,1.12 g,-- g,0.14 g,14.58 g,56.0 kcal
"Squash, winter, acorn, cooked, baked, without salt",205.0,"1.0 cup, cubes",82.9 g,44.0 mg,1.12 g,-- g,0.14 g,14.58 g,56.0 kcal
"Squash, winter, acorn, cooked, boiled, mashed, with salt",245.0,"1.0 cup, mashed",89.7 g,26.0 mg,0.67 g,-- g,0.08 g,8.79 g,34.0 kcal
"Squash, winter, acorn, cooked, boiled, mashed, without salt",245.0,"1.0 cup, mashed",89.7 g,26.0 mg,0.67 g,-- g,0.08 g,8.79 g,34.0 kcal
"Squash, winter, acorn, raw",140.0,"1.0 cup, cubes",87.78 g,33.0 mg,0.8 g,-- g,0.1 g,10.42 g,40.0 kcal
"Squash, winter, all varieties, cooked, baked, with salt",205.0,"1.0 cup, cubes",89.21 g,22.0 mg,0.89 g,3.3 g,0.35 g,8.85 g,37.0 kcal
"Squash, winter, all varieties, cooked, baked, without salt",205.0,"1.0 cup, cubes",89.21 g,22.0 mg,0.89 g,3.3 g,0.35 g,8.85 g,37.0 kcal
"Squash, winter, all varieties, raw",116.0,"1.0 cup, cubes",89.76 g,28.0 mg,0.95 g,2.2 g,0.13 g,8.59 g,34.0 kcal
"Squash, winter, butternut, cooked, baked, with salt",205.0,"1.0 cup, cubes",87.8 g,41.0 mg,0.9 g,1.97 g,0.09 g,10.49 g,40.0 kcal
"Squash, winter, butternut, cooked, baked, without salt",205.0,"1.0 cup, cubes",87.8 g,41.0 mg,0.9 g,1.97 g,0.09 g,10.49 g,40.0 kcal
"Squash, winter, butternut, frozen, cooked, boiled, with salt",240.0,"1.0 cup, mashed",87.8 g,19.0 mg,1.23 g,-- g,0.07 g,10.04 g,39.0 kcal
"Squash, winter, butternut, frozen, cooked, boiled, without salt",240.0,"1.0 cup, mashed",87.8 g,19.0 mg,1.23 g,-- g,0.07 g,10.05 g,39.0 kcal
"Squash, winter, butternut, frozen, unprepared",113.0,0.33 package (12 oz),82.5 g,29.0 mg,1.76 g,2.83 g,0.1 g,14.41 g,57.0 kcal
"Squash, winter, butternut, raw",140.0,"1.0 cup, cubes",86.41 g,48.0 mg,1.0 g,2.2 g,0.1 g,11.69 g,45.0 kcal
"Squash, winter, hubbard, baked, with salt",205.0,"1.0 cup, cubes",85.1 g,17.0 mg,2.48 g,4.9 g,0.62 g,10.81 g,50.0 kcal
"Squash, winter, hubbard, baked, without salt",205.0,"1.0 cup, cubes",85.1 g,17.0 mg,2.48 g,4.9 g,0.62 g,10.81 g,50.0 kcal
"Squash, winter, hubbard, cooked, boiled, mashed, with salt",236.0,"1.0 cup, mashed",91.1 g,10.0 mg,1.48 g,2.93 g,0.37 g,6.46 g,30.0 kcal
"Squash, winter, hubbard, cooked, boiled, mashed, without salt",236.0,"1.0 cup, mashed",91.1 g,10.0 mg,1.48 g,2.93 g,0.37 g,6.46 g,30.0 kcal
"Squash, winter, hubbard, raw",116.0,"1.0 cup, cubes",88.0 g,14.0 mg,2.0 g,3.95 g,0.5 g,8.7 g,40.0 kcal
"Squash, winter, spaghetti, cooked, boiled, drained, or baked, with salt",155.0,1.0 cup,92.3 g,21.0 mg,0.66 g,2.53 g,0.26 g,6.46 g,27.0 kcal
"Squash, winter, spaghetti, cooked, boiled, drained, or baked, without salt",155.0,1.0 cup,92.3 g,21.0 mg,0.66 g,2.53 g,0.26 g,6.46 g,27.0 kcal
"Squash, winter, spaghetti, raw",101.0,"1.0 cup, cubes",91.6 g,23.0 mg,0.64 g,2.76 g,0.57 g,6.91 g,31.0 kcal
"Squash, zucchini, baby, raw",16.0,1.0 large,92.73 g,-- mg,2.71 g,-- g,0.4 g,3.11 g,21.0 kcal
"Succotash, (corn and limas), canned, with cream style corn",266.0,1.0 cup,78.17 g,11.0 mg,2.64 g,-- g,0.54 g,17.61 g,77.0 kcal
"Succotash, (corn and limas), canned, with whole kernel corn, solids and liquids",255.0,1.0 cup,81.96 g,11.0 mg,2.6 g,-- g,0.49 g,13.98 g,63.0 kcal
"Succotash, (corn and limas), cooked, boiled, drained, with salt",192.0,1.0 cup,68.37 g,17.0 mg,5.07 g,-- g,0.8 g,24.37 g,111.0 kcal
"Succotash, (corn and limas), cooked, boiled, drained, without salt",192.0,1.0 cup,68.37 g,17.0 mg,5.07 g,-- g,0.8 g,24.38 g,115.0 kcal
"Succotash, (corn and limas), frozen, cooked, boiled, drained, with salt",170.0,1.0 cup,74.1 g,15.0 mg,4.31 g,2.21 g,0.89 g,19.95 g,93.0 kcal
"Succotash, (corn and limas), frozen, cooked, boiled, drained, without salt",170.0,1.0 cup,74.1 g,15.0 mg,4.31 g,2.21 g,0.89 g,19.95 g,93.0 kcal
"Succotash, (corn and limas), frozen, unprepared",156.0,1.0 cup,74.11 g,16.0 mg,4.31 g,-- g,0.89 g,19.94 g,93.0 kcal
"Swamp cabbage (skunk  cabbage), cooked, boiled, drained, without salt",98.0,"1.0 cup, chopped",92.93 g,54.0 mg,2.08 g,-- g,0.24 g,3.7 g,20.0 kcal
"Swamp cabbage (skunk cabbage), cooked, boiled, drained, with salt",98.0,"1.0 cup, chopped",92.93 g,54.0 mg,2.08 g,-- g,0.24 g,3.7 g,20.0 kcal
"Swamp cabbage, (skunk cabbage), raw",56.0,"1.0 cup, chopped",92.47 g,77.0 mg,2.6 g,-- g,0.2 g,3.14 g,19.0 kcal
"Sweet potato leaves, cooked, steamed, with salt",64.0,1.0 cup,89.2 g,33.0 mg,2.18 g,5.48 g,0.34 g,7.38 g,35.0 kcal
"Sweet potato leaves, cooked, steamed, without salt",64.0,1.0 cup,89.2 g,33.0 mg,2.18 g,5.48 g,0.34 g,7.38 g,41.0 kcal
"Sweet potato leaves, raw",35.0,"1.0 cup, chopped",86.81 g,78.0 mg,2.49 g,-- g,0.51 g,8.82 g,42.0 kcal
"Sweet Potato puffs, frozen, unprepared",85.0,3.0 oz,63.02 g,57.0 mg,1.36 g,7.65 g,3.58 g,30.72 g,161.0 kcal
"Sweet potato, canned, mashed",255.0,1.0 cup,73.88 g,30.0 mg,1.98 g,5.45 g,0.2 g,23.19 g,101.0 kcal
"Sweet potato, canned, syrup pack, drained solids",196.0,1.0 cup,72.47 g,17.0 mg,1.28 g,5.74 g,0.32 g,25.36 g,108.0 kcal
"Sweet potato, canned, syrup pack, solids and liquids",228.0,1.0 cup,77.39 g,15.0 mg,0.98 g,15.4 g,0.2 g,20.93 g,89.0 kcal
"Sweet potato, canned, vacuum pack",255.0,"1.0 cup, mashed",76.03 g,22.0 mg,1.65 g,5.0 g,0.2 g,21.12 g,91.0 kcal
"Sweet potato, cooked, baked in skin, flesh, with salt",114.0,"1.0 medium (2"" dia, 5"" long, raw)",75.78 g,38.0 mg,2.01 g,6.48 g,0.15 g,20.71 g,92.0 kcal
"Sweet potato, cooked, baked in skin, flesh, without salt",200.0,1.0 cup,75.78 g,38.0 mg,2.01 g,6.48 g,0.15 g,20.71 g,90.0 kcal
"Sweet potato, cooked, boiled, without skin",328.0,"1.0 cup, mashed",80.13 g,27.0 mg,1.37 g,5.74 g,0.14 g,17.72 g,76.0 kcal
"Sweet potato, cooked, boiled, without skin, with salt",328.0,"1.0 cup, mashed",80.13 g,27.0 mg,1.37 g,5.74 g,0.14 g,17.72 g,76.0 kcal
"Sweet potato, cooked, candied, home-prepared",105.0,"1.0 piece (2-1/2"" x 2"" dia)",62.75 g,26.0 mg,0.89 g,27.25 g,3.54 g,32.12 g,164.0 kcal
"Sweet potato, frozen, cooked, baked, with salt",176.0,"1.0 cup, cubes",73.7 g,35.0 mg,1.71 g,-- g,0.12 g,23.4 g,100.0 kcal
"Sweet potato, frozen, cooked, baked, without salt",176.0,"1.0 cup, cubes",73.7 g,35.0 mg,1.71 g,9.17 g,0.12 g,23.4 g,100.0 kcal
"Sweet potato, frozen, unprepared",176.0,"1.0 cup, cubes",74.89 g,37.0 mg,1.71 g,-- g,0.18 g,22.22 g,96.0 kcal
"Sweet potato, raw, unprepared",133.0,"1.0 cup, cubes",77.28 g,30.0 mg,1.57 g,4.18 g,0.05 g,20.12 g,86.0 kcal
"Sweet Potatoes, french fried, crosscut, frozen, unprepared",85.0,3.0 oz,60.59 g,39.0 mg,1.7 g,6.46 g,11.1 g,25.52 g,209.0 kcal
"Sweet Potatoes, french fried, frozen as packaged, salt added in processing",51.0,12.0 fries,51.97 g,52.0 mg,2.16 g,12.9 g,8.92 g,35.58 g,182.0 kcal
"Taro leaves, cooked, steamed, without salt",145.0,1.0 cup,92.15 g,86.0 mg,2.72 g,-- g,0.41 g,4.02 g,24.0 kcal
"Taro leaves, raw",28.0,1.0 cup,85.66 g,107.0 mg,4.98 g,3.01 g,0.74 g,6.7 g,42.0 kcal
"Taro shoots, cooked, without salt",140.0,1.0 cup slices,95.3 g,-- mg,0.73 g,-- g,0.08 g,3.2 g,14.0 kcal
"Taro shoots, raw",43.0,0.5 cup slices,95.82 g,12.0 mg,0.92 g,-- g,0.09 g,2.32 g,11.0 kcal
"Taro, cooked, with salt",132.0,1.0 cup slices,63.8 g,18.0 mg,0.52 g,0.49 g,0.11 g,34.6 g,142.0 kcal
"Taro, cooked, without salt",132.0,"1.0 cup, sliced",63.8 g,18.0 mg,0.52 g,0.49 g,0.11 g,34.6 g,142.0 kcal
"Taro, leaves, cooked, steamed, with salt",145.0,1.0 cup,92.15 g,86.0 mg,2.72 g,-- g,0.41 g,3.89 g,24.0 kcal
"Taro, raw",104.0,"1.0 cup, sliced",70.64 g,43.0 mg,1.5 g,0.4 g,0.2 g,26.46 g,112.0 kcal
"Taro, shoots, cooked, with salt",140.0,1.0 cup slices,95.3 g,-- mg,0.73 g,-- g,0.08 g,3.19 g,14.0 kcal
"Taro, tahitian, cooked, with salt",137.0,1.0 cup slices,86.46 g,149.0 mg,4.16 g,-- g,0.68 g,6.85 g,44.0 kcal
"Taro, tahitian, cooked, without salt",137.0,1.0 cup slices,86.46 g,149.0 mg,4.16 g,-- g,0.68 g,6.85 g,44.0 kcal
"Taro, tahitian, raw",125.0,1.0 cup slices,87.96 g,129.0 mg,2.79 g,-- g,0.97 g,6.91 g,44.0 kcal
"Tomatillos, raw",34.0,1.0 medium,91.63 g,7.0 mg,0.96 g,3.93 g,1.02 g,5.84 g,32.0 kcal
"Tomato and vegetable juice, low sodium",242.0,1.0 cup,93.5 g,11.0 mg,0.6 g,3.28 g,0.1 g,4.59 g,22.0 kcal
"Tomato juice, canned, with salt added",243.0,1.0 cup,94.24 g,10.0 mg,0.85 g,2.58 g,0.29 g,3.53 g,17.0 kcal
"Tomato juice, canned, without salt added",243.0,1.0 cup,94.24 g,10.0 mg,0.85 g,2.58 g,0.29 g,3.53 g,17.0 kcal
"Tomato products, canned, paste, without salt added",66.0,0.25 cup,73.5 g,36.0 mg,4.32 g,12.18 g,0.47 g,18.91 g,82.0 kcal
"Tomato products, canned, puree, with salt added",250.0,1.0 cup,87.88 g,18.0 mg,1.65 g,4.83 g,0.21 g,8.98 g,38.0 kcal
"Tomato products, canned, puree, without salt added",250.0,1.0 cup,87.88 g,18.0 mg,1.65 g,4.83 g,0.21 g,8.98 g,38.0 kcal
"Tomato products, canned, sauce",245.0,1.0 cup,91.28 g,14.0 mg,1.2 g,3.56 g,0.3 g,5.31 g,24.0 kcal
"Tomato products, canned, sauce, spanish style",244.0,1.0 cup,89.08 g,17.0 mg,1.44 g,-- g,0.27 g,7.24 g,33.0 kcal
"Tomato products, canned, sauce, with herbs and cheese",122.0,0.5 cup,83.43 g,37.0 mg,2.13 g,-- g,1.93 g,10.24 g,59.0 kcal
"Tomato products, canned, sauce, with mushrooms",245.0,1.0 cup,87.97 g,13.0 mg,1.45 g,5.77 g,0.13 g,8.43 g,35.0 kcal
"Tomato products, canned, sauce, with onions",245.0,1.0 cup,86.09 g,17.0 mg,1.56 g,-- g,0.19 g,9.94 g,42.0 kcal
"Tomato products, canned, sauce, with onions, green peppers, and celery",250.0,1.0 cup,88.28 g,13.0 mg,0.94 g,7.36 g,0.74 g,8.77 g,41.0 kcal
"Tomato products, canned, sauce, with tomato tidbits",244.0,1.0 cup,89.09 g,10.0 mg,1.32 g,-- g,0.39 g,7.09 g,32.0 kcal
"Tomato sauce, canned, no salt added",245.0,1.0 cup,91.28 g,14.0 mg,1.2 g,3.56 g,0.3 g,5.31 g,24.0 kcal
"Tomatoes, crushed, canned",121.0,0.5 cup,89.44 g,34.0 mg,1.64 g,4.4 g,0.28 g,7.29 g,32.0 kcal
"Tomatoes, green, raw",180.0,1.0 cup,93.0 g,13.0 mg,1.2 g,4.0 g,0.2 g,5.1 g,23.0 kcal
"Tomatoes, orange, raw",158.0,"1.0 cup, chopped",94.78 g,5.0 mg,1.16 g,-- g,0.19 g,3.18 g,16.0 kcal
"Tomatoes, red, ripe, canned, packed in tomato juice",240.0,1.0 cup,94.75 g,33.0 mg,0.79 g,2.55 g,0.25 g,3.47 g,16.0 kcal
"Tomatoes, red, ripe, canned, packed in tomato juice, no salt added",240.0,1.0 cup,94.75 g,33.0 mg,0.79 g,2.55 g,0.25 g,3.47 g,16.0 kcal
"Tomatoes, red, ripe, canned, stewed",255.0,1.0 cup,91.54 g,34.0 mg,0.91 g,3.52 g,0.19 g,6.19 g,26.0 kcal
"Tomatoes, red, ripe, canned, with green chilies",241.0,1.0 cup,94.23 g,20.0 mg,0.69 g,-- g,0.08 g,3.62 g,15.0 kcal
"Tomatoes, red, ripe, cooked",240.0,1.0 cup,94.34 g,11.0 mg,0.95 g,2.49 g,0.11 g,4.01 g,18.0 kcal
"Tomatoes, red, ripe, cooked, stewed",101.0,1.0 cup,80.63 g,26.0 mg,1.96 g,-- g,2.68 g,13.05 g,79.0 kcal
"Tomatoes, red, ripe, cooked, with salt",240.0,1.0 cup,94.34 g,11.0 mg,0.95 g,2.49 g,0.11 g,4.01 g,18.0 kcal
"Tomatoes, red, ripe, raw, year round average",149.0,1.0 cup cherry tomatoes,94.52 g,10.0 mg,0.88 g,2.63 g,0.2 g,3.89 g,18.0 kcal
"Tomatoes, sun-dried",54.0,1.0 cup,14.56 g,110.0 mg,14.11 g,37.59 g,2.97 g,55.76 g,258.0 kcal
"Tomatoes, sun-dried, packed in oil, drained",110.0,1.0 cup,53.83 g,47.0 mg,5.06 g,-- g,14.08 g,23.33 g,213.0 kcal
"Tomatoes, yellow, raw",139.0,"1.0 cup, chopped",95.28 g,11.0 mg,0.98 g,-- g,0.26 g,2.98 g,15.0 kcal
"Tree fern, cooked, with salt",31.0,"1.0 frond (6-1/2"" long)",88.6 g,8.0 mg,0.29 g,-- g,0.07 g,10.78 g,40.0 kcal
"Tree fern, cooked, without salt",71.0,"0.5 cup, chopped",88.6 g,8.0 mg,0.29 g,-- g,0.07 g,10.98 g,40.0 kcal
"Turnip greens and turnips, frozen, cooked, boiled, drained, with salt",163.0,1.0 cup,91.04 g,128.0 mg,2.99 g,0.95 g,0.38 g,4.74 g,34.0 kcal
"Turnip greens and turnips, frozen, cooked, boiled, drained, without salt",163.0,1.0 cup,91.04 g,128.0 mg,2.99 g,1.07 g,0.38 g,4.85 g,35.0 kcal
"Turnip greens and turnips, frozen, unprepared",95.0,0.33 package (10 oz),93.13 g,114.0 mg,2.46 g,-- g,0.19 g,3.39 g,21.0 kcal
"Turnip greens, canned, no salt added",144.0,1.0 cup,94.69 g,118.0 mg,1.36 g,0.42 g,0.3 g,2.81 g,19.0 kcal
"Turnip greens, canned, solids and liquids",117.0,0.5 cup,94.69 g,118.0 mg,1.36 g,-- g,0.3 g,2.42 g,14.0 kcal
"Turnip greens, cooked, boiled, drained, with salt",144.0,"1.0 cup, chopped",93.2 g,137.0 mg,1.14 g,0.53 g,0.23 g,4.36 g,20.0 kcal
"Turnip greens, cooked, boiled, drained, without salt",144.0,"1.0 cup, chopped",93.2 g,137.0 mg,1.14 g,0.53 g,0.23 g,4.36 g,20.0 kcal
"Turnip greens, frozen, cooked, boiled, drained, with salt",82.0,0.5 cup,90.4 g,152.0 mg,3.35 g,0.75 g,0.42 g,4.98 g,29.0 kcal
"Turnip greens, frozen, cooked, boiled, drained, without salt",164.0,1.0 cup,90.4 g,152.0 mg,3.35 g,0.75 g,0.42 g,4.98 g,29.0 kcal
"Turnip greens, frozen, unprepared",82.0,"0.5 cup, chopped or diced",92.93 g,118.0 mg,2.47 g,-- g,0.31 g,3.67 g,22.0 kcal
"Turnip greens, raw",55.0,"1.0 cup, chopped",89.67 g,190.0 mg,1.5 g,0.81 g,0.3 g,7.13 g,32.0 kcal
"Turnips, cooked, boiled, drained, with salt",156.0,"1.0 cup, cubes",93.6 g,-- mg,0.71 g,2.99 g,0.08 g,5.06 g,22.0 kcal
"Turnips, cooked, boiled, drained, without salt",156.0,"1.0 cup, cubes",93.6 g,33.0 mg,0.71 g,2.99 g,0.08 g,5.06 g,22.0 kcal
"Turnips, frozen, cooked, boiled, drained, with salt",156.0,1.0 cup,93.6 g,32.0 mg,1.53 g,1.73 g,0.24 g,3.73 g,21.0 kcal
"Turnips, frozen, cooked, boiled, drained, without salt",156.0,1.0 cup,93.6 g,32.0 mg,1.53 g,2.35 g,0.24 g,4.35 g,23.0 kcal
"Turnips, frozen, unprepared",94.0,"0.333 package, mashed (10 oz)",95.67 g,23.0 mg,1.04 g,-- g,0.16 g,2.94 g,16.0 kcal
"Turnips, raw",130.0,"1.0 cup, cubes",91.87 g,30.0 mg,0.9 g,3.8 g,0.1 g,6.43 g,28.0 kcal
"Vegetable juice cocktail, canned",253.0,1.0 cup,94.09 g,14.0 mg,0.93 g,2.84 g,0.31 g,3.87 g,22.0 kcal
"Vegetable juice cocktail, low sodium, canned",254.0,1.0 cup,94.13 g,15.0 mg,0.91 g,2.78 g,0.32 g,3.83 g,19.0 kcal
"Vegetable juice, BOLTHOUSE FARMS, DAILY GREENS",269.0,1.0 cup,90.6 g,110.0 mg,0.49 g,5.37 g,0.04 g,8.13 g,31.0 kcal
"Vegetable smoothie, NAKED JUICE, KALE BLAZER",268.0,1.0 cup,91.67 g,33.0 mg,0.8 g,6.05 g,0.07 g,7.0 g,28.0 kcal
"Vegetables, mixed (corn, lima beans, peas, green beans, carrots) canned, no salt added",182.0,1.0 cup,90.2 g,21.0 mg,1.4 g,2.41 g,0.2 g,7.31 g,37.0 kcal
"Vegetables, mixed, canned, drained solids",163.0,1.0 cup,87.01 g,27.0 mg,2.59 g,2.41 g,0.25 g,9.26 g,49.0 kcal
"Vegetables, mixed, canned, solids and liquids",245.0,1.0 cup,90.24 g,21.0 mg,1.42 g,-- g,0.25 g,7.13 g,36.0 kcal
"Vegetables, mixed, frozen, cooked, boiled, drained, with salt",91.0,0.5 cup,83.23 g,25.0 mg,2.86 g,3.12 g,0.15 g,13.09 g,60.0 kcal
"Vegetables, mixed, frozen, cooked, boiled, drained, without salt",91.0,0.5 cup,83.23 g,25.0 mg,2.86 g,3.12 g,0.15 g,13.09 g,65.0 kcal
"Vegetables, mixed, frozen, unprepared",95.0,0.33 package (10 oz),82.08 g,25.0 mg,3.33 g,-- g,0.52 g,13.47 g,72.0 kcal
"Wasabi, root, raw",130.0,"1.0 cup, sliced",69.11 g,128.0 mg,4.8 g,-- g,0.63 g,23.54 g,109.0 kcal
"Waterchestnuts, chinese, (matai), raw",62.0,0.5 cup slices,73.46 g,11.0 mg,1.4 g,4.8 g,0.1 g,23.94 g,97.0 kcal
"Waterchestnuts, chinese, canned, solids and liquids",70.0,0.5 cup slices,86.42 g,4.0 mg,0.88 g,2.46 g,0.06 g,12.3 g,50.0 kcal
"Watercress, raw",34.0,"1.0 cup, chopped",95.11 g,120.0 mg,2.3 g,0.2 g,0.1 g,1.29 g,11.0 kcal
"Waxgourd, (chinese preserving melon), cooked, boiled, drained, with salt",175.0,"1.0 cup, cubes",96.06 g,18.0 mg,0.4 g,1.18 g,0.2 g,2.45 g,11.0 kcal
"Waxgourd, (chinese preserving melon), cooked, boiled, drained, without salt",175.0,"1.0 cup, cubes",96.06 g,18.0 mg,0.4 g,1.18 g,0.2 g,3.04 g,14.0 kcal
"Waxgourd, (chinese preserving melon), raw",132.0,"1.0 cup, cubes",96.1 g,19.0 mg,0.4 g,-- g,0.2 g,3.0 g,13.0 kcal
"Winged bean, immature seeds, cooked, boiled, drained, with salt",62.0,1.0 cup,90.11 g,61.0 mg,5.31 g,-- g,0.66 g,3.21 g,37.0 kcal
"Winged beans, immature seeds, cooked, boiled, drained, without salt",62.0,1.0 cup,90.11 g,61.0 mg,5.31 g,-- g,0.66 g,3.21 g,38.0 kcal
"Winged beans, immature seeds, raw",44.0,1.0 cup slices,87.04 g,84.0 mg,6.95 g,-- g,0.87 g,4.31 g,49.0 kcal
"Yam, cooked, boiled, drained, or baked, with salt",136.0,"1.0 cup, cubes",70.13 g,14.0 mg,1.49 g,0.49 g,0.14 g,26.99 g,114.0 kcal
"Yam, cooked, boiled, drained, or baked, without salt",136.0,"1.0 cup, cubes",70.13 g,14.0 mg,1.49 g,0.49 g,0.14 g,27.48 g,116.0 kcal
"Yam, raw",150.0,"1.0 cup, cubes",69.6 g,17.0 mg,1.53 g,0.5 g,0.17 g,27.88 g,118.0 kcal
"Yambean (jicama), raw",120.0,1.0 cup slices,90.07 g,12.0 mg,0.72 g,1.8 g,0.09 g,8.82 g,38.0 kcal
"Yardlong bean, cooked, boiled, drained, with salt",104.0,1.0 cup slices,87.47 g,44.0 mg,2.53 g,-- g,0.1 g,9.17 g,47.0 kcal
"Yardlong bean, cooked, boiled, drained, without salt",104.0,1.0 cup slices,87.47 g,44.0 mg,2.53 g,-- g,0.1 g,9.18 g,47.0 kcal
"Yardlong bean, raw",91.0,1.0 cup slices,87.85 g,50.0 mg,2.8 g,-- g,0.4 g,8.35 g,47.0 kcal
"Yautia (tannier), raw",135.0,"1.0 cup, sliced",73.06 g,9.0 mg,1.46 g,-- g,0.4 g,23.63 g,98.0 kcal
Yeast extract spread,6.0,1.0 tsp,40.9 g,67.0 mg,23.88 g,1.6 g,0.9 g,20.42 g,185.0 kcal
