Breakfast Cereals,Weight,Measure,Protein,Sugars,Fat,Carbohydrate,Calcium,Energy,Water
"Cereals ready-to-eat, ALPEN",55.0,0.67 cup (1 NLEA serving),7.4 g,147.0 mg,11.2 g,20.0 g,3.3 g,75.7 g,352.0 kcal
"Cereals ready-to-eat, BARBARA'S PUFFINS, original",27.0,0.75 cup (1 NLEA serving),3.59 g,70.0 mg,7.41 g,18.52 g,3.7 g,84.0 g,333.0 kcal
"Cereals ready-to-eat, CASCADIAN FARM, Cinnamon Crunch",27.0,0.75 cup (1 NLEA serving),2.09 g,0.0 mg,5.69 g,31.0 g,8.5 g,81.59 g,407.0 kcal
"Cereals ready-to-eat, CASCADIAN FARM, Honey Nut O's",30.0,1.0 cup (1 NLEA serving),2.5 g,67.0 mg,8.3 g,24.79 g,3.29 g,83.09 g,371.0 kcal
"Cereals ready-to-eat, CASCADIAN FARM, Multi-Grain Squares",53.0,1.0 cup (1 NLEA serving),-- g,0.0 mg,9.39 g,13.19 g,1.89 g,83.0 g,387.0 kcal
"Cereals ready-to-eat, chocolate-flavored frosted puffed corn",30.0,1.0 cup,3.42 g,70.0 mg,3.34 g,43.7 g,3.5 g,87.2 g,405.0 kcal
"Cereals ready-to-eat, FAMILIA",122.0,1.0 cup,1.9 g,173.0 mg,9.5 g,23.2 g,6.3 g,73.8 g,388.0 kcal
"Cereals ready-to-eat, frosted oat cereal with marshmallows",30.0,0.75 cup (1 NLEA serving),2.8 g,333.0 mg,7.1 g,36.13 g,3.33 g,84.7 g,400.0 kcal
"Cereals ready-to-eat, GENERAL MILLS, 25% Less Sugar CINNAMON TOAST CRUNCH",28.0,1.0 bowl (3/4 cup) (1 NLEA serving),2.5 g,714.0 mg,5.09 g,21.39 g,9.89 g,78.19 g,386.0 kcal
"Cereals ready-to-eat, GENERAL MILLS, 25% Less Sugar TRIX",28.0,1.0 cup,2.0 g,357.0 mg,5.4 g,25.0 g,4.0 g,85.5 g,383.0 kcal
"Cereals ready-to-eat, GENERAL MILLS, APPLE CINNAMON CHEERIOS",30.0,0.75 cup (1 NLEA serving),2.29 g,333.0 mg,8.3 g,34.2 g,6.09 g,79.9 g,386.0 kcal
"Cereals ready-to-eat, GENERAL MILLS, Apple Cinnamon CHEX",31.0,0.75 cup (1 NLEA serving),2.2 g,323.0 mg,4.69 g,26.0 g,6.45 g,82.8 g,408.0 kcal
"Cereals ready-to-eat, GENERAL MILLS, BASIC 4",55.0,1.0 cup (1 NLEA serving),6.25 g,455.0 mg,6.69 g,22.5 g,4.0 g,79.09 g,358.0 kcal
"Cereals ready-to-eat, GENERAL MILLS, BERRY BERRY KIX",33.0,1.25 cup (1 NLEA serving),2.09 g,421.0 mg,6.19 g,21.0 g,4.19 g,83.9 g,376.0 kcal
"Cereals ready-to-eat, GENERAL MILLS, Berry Burst CHEERIOS, Triple Berry",27.0,0.75 cup (1 NLEA serving),2.04 g,370.0 mg,8.8 g,27.0 g,4.5 g,80.5 g,378.0 kcal
"Cereals ready-to-eat, GENERAL MILLS, BOO BERRY",33.0,1.0 cup (1 NLEA serving),1.89 g,303.0 mg,5.5 g,27.29 g,4.3 g,85.4 g,386.0 kcal
"Cereals ready-to-eat, GENERAL MILLS, CHEERIOS",28.0,1.0 cup (1 NLEA serving),5.13 g,401.0 mg,12.09 g,4.36 g,6.73 g,73.23 g,376.0 kcal
"Cereals ready-to-eat, GENERAL MILLS, CHEERIOS, Banana Nut",28.0,0.75 cup (1 NLEA serving),2.2 g,357.0 mg,5.5 g,33.09 g,4.0 g,84.69 g,375.0 kcal
"Cereals ready-to-eat, GENERAL MILLS, CHEERIOS, Chocolate",27.0,0.75 cup (1 NLEA serving),2.2 g,370.0 mg,5.8 g,34.09 g,5.09 g,83.5 g,380.0 kcal
"Cereals ready-to-eat, GENERAL MILLS, CHEERIOS, Yogurt Burst, strawberry",30.0,0.75 cup (1 NLEA serving),2.23 g,333.0 mg,6.67 g,30.0 g,5.23 g,81.75 g,400.0 kcal
"Cereals ready-to-eat, GENERAL MILLS, Chocolate CHEX",32.0,0.75 cup (1 NLEA serving),2.19 g,286.0 mg,4.8 g,26.2 g,8.39 g,81.09 g,412.0 kcal
"Cereals ready-to-eat, GENERAL MILLS, CHOCOLATE LUCKY CHARMS",28.0,0.75 cup (1 NLEA serving),2.29 g,357.0 mg,5.59 g,36.79 g,4.4 g,84.4 g,381.0 kcal
"Cereals ready-to-eat, GENERAL MILLS, Cinnamon Burst CHEERIOS",32.0,1.0 cup (1 NLEA serving),2.2 g,313.0 mg,6.3 g,28.1 g,6.09 g,83.2 g,375.0 kcal
"Cereals ready-to-eat, GENERAL MILLS, Cinnamon CHEX",30.0,0.75 cup (1 NLEA serving),2.31 g,333.0 mg,5.0 g,26.1 g,6.59 g,82.4 g,403.0 kcal
"Cereals ready-to-eat, GENERAL MILLS, CINNAMON TOAST CRUNCH",31.0,0.75 cup (1 NLEA serving),3.24 g,444.0 mg,5.45 g,30.3 g,10.25 g,77.99 g,410.0 kcal
"Cereals ready-to-eat, GENERAL MILLS, COCOA PUFFS",27.0,0.75 cup (1 NLEA serving),1.8 g,370.0 mg,5.6 g,37.2 g,5.2 g,83.7 g,383.0 kcal
"Cereals ready-to-eat, GENERAL MILLS, COCOA PUFFS, 25% Reduced Sugar",30.0,1.0 cup (1 NLEA serving),1.79 g,333.0 mg,6.5 g,25.79 g,5.19 g,82.69 g,380.0 kcal
"Cereals ready-to-eat, GENERAL MILLS, COOKIE CRISP",26.0,0.75 cup (1 NLEA serving),2.3 g,385.0 mg,5.2 g,34.8 g,4.4 g,84.5 g,380.0 kcal
"Cereals ready-to-eat, GENERAL MILLS, Corn CHEX",31.0,1.0 cup (1 NLEA serving),2.5 g,323.0 mg,6.4 g,11.1 g,2.4 g,85.0 g,370.0 kcal
"Cereals ready-to-eat, GENERAL MILLS, COUNT CHOCULA",27.0,0.75 cup (1 NLEA serving),1.89 g,370.0 mg,5.4 g,33.09 g,4.69 g,84.5 g,383.0 kcal
"Cereals ready-to-eat, GENERAL MILLS, DORA THE EXPLORER",27.0,0.75 cup (1 NLEA serving),2.3 g,370.0 mg,5.6 g,21.2 g,5.7 g,82.8 g,366.0 kcal
"Cereals ready-to-eat, GENERAL MILLS, Dulce De Leche CHEERIOS",27.0,0.75 cup (1 NLEA serving),2.2 g,370.0 mg,6.5 g,20.89 g,5.69 g,82.0 g,378.0 kcal
"Cereals ready-to-eat, GENERAL MILLS, FIBER ONE 80 Calories, Chocolate Squares",30.0,0.75 cup (1 NLEA serving),2.2 g,1333.0 mg,3.29 g,17.29 g,2.9 g,84.0 g,253.0 kcal
"Cereals ready-to-eat, GENERAL MILLS, FIBER ONE 80 Calories, Honey Squares",30.0,0.75 cup (1 NLEA serving),2.2 g,1000.0 mg,4.8 g,10.8 g,2.59 g,85.19 g,248.0 kcal
"Cereals ready-to-eat, GENERAL MILLS, FIBER ONE Bran Cereal",30.0,0.5 cup (1 NLEA serving),3.22 g,333.0 mg,6.59 g,1.0 g,2.29 g,84.3 g,207.0 kcal
"Cereals ready-to-eat, GENERAL MILLS, FIBER ONE, Caramel Delight",50.0,1.0 cup (1 NLEA serving),2.75 g,200.0 mg,5.8 g,20.79 g,-- g,82.69 g,344.0 kcal
"Cereals ready-to-eat, GENERAL MILLS, FIBER ONE, HONEY CLUSTERS",52.0,1.0 cup (1 NLEA serving),2.68 g,192.0 mg,7.69 g,17.79 g,2.59 g,83.9 g,323.0 kcal
"Cereals ready-to-eat, GENERAL MILLS, FIBER ONE, Nutty Clusters &amp; Almonds",55.0,1.0 cup (1 NLEA serving),2.79 g,182.0 mg,7.9 g,22.1 g,6.8 g,79.5 g,348.0 kcal
"Cereals ready-to-eat, GENERAL MILLS, FIBER ONE, RAISIN BRAN CLUSTERS",55.0,1.0 cup (1 NLEA serving),5.19 g,182.0 mg,6.3 g,25.6 g,2.29 g,83.4 g,317.0 kcal
"Cereals ready-to-eat, GENERAL MILLS, FRANKENBERRY",33.0,1.0 cup (1 NLEA serving),1.89 g,303.0 mg,5.5 g,27.29 g,4.3 g,85.4 g,386.0 kcal
"Cereals ready-to-eat, GENERAL MILLS, FROSTED CHEERIOS",27.0,0.75 cup (1 NLEA serving),2.2 g,370.0 mg,9.0 g,32.0 g,4.69 g,79.8 g,376.0 kcal
"Cereals ready-to-eat, GENERAL MILLS, FROSTED TOAST CRUNCH",30.0,0.75 cup (1 NLEA serving),2.29 g,333.0 mg,5.19 g,29.2 g,10.1 g,78.59 g,410.0 kcal
"Cereals ready-to-eat, GENERAL MILLS, Fruity CHEERIOS",27.0,0.75 cup (1 NLEA serving),2.2 g,370.0 mg,5.8 g,32.2 g,4.59 g,84.19 g,381.0 kcal
"Cereals ready-to-eat, GENERAL MILLS, GOLDEN GRAHAMS",31.0,0.75 cup (1 NLEA serving),2.2 g,323.0 mg,5.3 g,35.0 g,3.2 g,85.1 g,374.0 kcal
"Cereals ready-to-eat, GENERAL MILLS, Honey KIX",33.0,1.25 cup (1 NLEA serving),2.37 g,455.0 mg,6.4 g,18.2 g,3.9 g,83.0 g,364.0 kcal
"Cereals ready-to-eat, GENERAL MILLS, HONEY NUT CHEERIOS",28.0,0.75 cup (1 NLEA serving),2.86 g,425.0 mg,8.85 g,32.89 g,5.0 g,79.69 g,376.0 kcal
"Cereals ready-to-eat, GENERAL MILLS, HONEY NUT CHEERIOS, MEDLEY CRUNCH",30.0,0.75 cup (1 NLEA serving),2.7 g,323.0 mg,9.1 g,29.1 g,5.4 g,79.5 g,387.0 kcal
"Cereals ready-to-eat, GENERAL MILLS, Honey Nut CHEX",32.0,0.75 cup (1 NLEA serving),2.2 g,313.0 mg,6.3 g,28.1 g,2.0 g,86.67 g,375.0 kcal
"Cereals ready-to-eat, GENERAL MILLS, HONEY NUT CLUSTERS",57.0,1.0 cup (1 NLEA serving),2.35 g,34.0 mg,7.7 g,24.8 g,2.0 g,85.2 g,374.0 kcal
"Cereals ready-to-eat, GENERAL MILLS, KIX",30.0,1.25 cup (1 NLEA serving),2.79 g,570.0 mg,7.69 g,9.76 g,3.46 g,82.82 g,357.0 kcal
"Cereals ready-to-eat, GENERAL MILLS, LUCKY CHARMS",27.0,0.75 cup (1 NLEA serving),4.15 g,434.0 mg,7.67 g,36.13 g,5.02 g,80.89 g,380.0 kcal
"Cereals ready-to-eat, GENERAL MILLS, Multi Grain CHEERIOS, Peanut Butter",28.0,0.75 cup (1 NLEA serving),2.0 g,357.0 mg,6.8 g,32.5 g,6.19 g,82.0 g,390.0 kcal
"Cereals ready-to-eat, GENERAL MILLS, Multi-Grain CHEERIOS",29.0,1.0 cup (1 NLEA serving),2.5 g,345.0 mg,8.3 g,21.2 g,4.09 g,81.4 g,370.0 kcal
"Cereals ready-to-eat, GENERAL MILLS, NATURE VALLEY LOW FAT FRUIT GRANOLA",55.0,0.667 cup (1 NLEA serving),5.59 g,36.0 mg,7.9 g,31.89 g,4.69 g,79.4 g,381.0 kcal
"Cereals ready-to-eat, GENERAL MILLS, Oat Cluster CHEERIOS Crunch",27.0,0.75 cup (1 NLEA serving),2.6 g,296.0 mg,8.5 g,27.9 g,4.6 g,80.7 g,378.0 kcal
"Cereals ready-to-eat, GENERAL MILLS, OATMEAL CRISP, Crunchy Almond",60.0,1.0 cup (1 NLEA serving),2.9 g,33.0 mg,9.89 g,22.89 g,6.69 g,78.09 g,390.0 kcal
"Cereals ready-to-eat, GENERAL MILLS, OATMEAL CRISP, Hearty Raisin",62.0,1.0 cup (1 NLEA serving),4.69 g,32.0 mg,8.5 g,27.29 g,3.79 g,80.8 g,372.0 kcal
"Cereals ready-to-eat, GENERAL MILLS, PEANUT BUTTER TOAST CRUNCH",31.0,0.75 cup (1 NLEA serving),2.59 g,323.0 mg,8.19 g,27.1 g,9.8 g,76.19 g,410.0 kcal
"Cereals ready-to-eat, GENERAL MILLS, RAISIN NUT BRAN",49.0,0.75 cup (1 NLEA serving),4.03 g,41.0 mg,8.19 g,28.5 g,5.3 g,80.0 g,368.0 kcal
"Cereals ready-to-eat, GENERAL MILLS, REESE'S PUFFS",29.0,0.75 cup (1 NLEA serving),2.6 g,345.0 mg,6.8 g,35.3 g,11.1 g,75.6 g,413.0 kcal
"Cereals ready-to-eat, GENERAL MILLS, Rice CHEX",27.0,1.0 cup (1 NLEA serving),2.59 g,370.0 mg,6.4 g,8.0 g,1.89 g,85.09 g,375.0 kcal
"Cereals ready-to-eat, GENERAL MILLS, TOTAL Raisin Bran",53.0,1.0 cup (1 NLEA serving),8.36 g,1887.0 mg,5.6 g,32.3 g,1.6 g,76.8 g,312.0 kcal
"Cereals ready-to-eat, GENERAL MILLS, TRIX",32.0,1.0 cup (1 NLEA serving),1.89 g,313.0 mg,4.9 g,32.0 g,3.79 g,86.19 g,384.0 kcal
"Cereals ready-to-eat, GENERAL MILLS, Wheat CHEX",47.0,0.75 cup (1 NLEA serving),2.5 g,213.0 mg,9.8 g,10.3 g,1.8 g,82.2 g,345.0 kcal
"Cereals ready-to-eat, GENERAL MILLS, WHEATIES",27.0,0.75 cup (1 NLEA serving),2.6 g,74.0 mg,8.3 g,15.2 g,2.3 g,83.3 g,353.0 kcal
"Cereals ready-to-eat, GENERAL MILLS, Whole Grain TOTAL",30.0,0.75 cup (1 NLEA serving),2.67 g,3333.0 mg,8.4 g,16.4 g,2.1 g,74.7 g,320.0 kcal
"Cereals ready-to-eat, granola, homemade",122.0,1.0 cup,5.84 g,76.0 mg,13.67 g,19.8 g,24.31 g,53.88 g,489.0 kcal
"Cereals ready-to-eat, HEALTH VALLEY, FIBER 7 Flakes",31.0,0.75 cup (1 NLEA serving),3.0 g,71.0 mg,14.44 g,20.0 g,1.41 g,78.15 g,353.0 kcal
"Cereals ready-to-eat, KASHI 7 Whole Grain Flakes",50.0,1.0 cup (1 NLEA serving),3.3 g,29.0 mg,11.0 g,11.3 g,1.5 g,81.4 g,337.0 kcal
"Cereals ready-to-eat, KASHI 7 Whole Grain Honey Puffs",30.0,1.0 cup (1 NLEA serving),3.0 g,43.0 mg,10.0 g,21.8 g,1.8 g,79.0 g,349.0 kcal
"Cereals ready-to-eat, KASHI 7 Whole Grain Nuggets",58.0,0.5 cup (1 NLEA serving),3.0 g,41.0 mg,11.8 g,5.0 g,2.8 g,81.0 g,356.0 kcal
"Cereals ready-to-eat, KASHI 7 Whole Grain Puffs",19.0,1.0 cup (1 NLEA serving),4.0 g,38.0 mg,13.0 g,0.93 g,2.3 g,78.6 g,336.0 kcal
"Cereals ready-to-eat, KASHI Berry Blossom",30.0,0.75 cup (1 NLEA serving),2.5 g,35.0 mg,7.5 g,23.39 g,3.0 g,83.09 g,322.0 kcal
"Cereals ready-to-eat, KASHI GO LEAN CRUNCH!, Honey Almond Flax",53.0,0.67 Cup (1 NLEA serving),3.65 g,75.0 mg,16.79 g,22.2 g,9.9 g,66.9 g,379.0 kcal
"Cereals ready-to-eat, KASHI GOLEAN",52.0,1.0 cup (1 NLEA serving),3.0 g,119.0 mg,24.89 g,16.5 g,2.2 g,67.19 g,311.0 kcal
"Cereals ready-to-eat, KASHI GOLEAN CRISP Cinnamon Crumble",51.0,0.75 cup (1 NLEA serving),3.5 g,135.0 mg,22.1 g,18.6 g,8.19 g,62.59 g,362.0 kcal
"Cereals ready-to-eat, KASHI GOLEAN CRISP Toasted Berry Crumble",51.0,0.75 cup (1 NLEA serving),3.5 g,111.0 mg,18.0 g,21.7 g,8.19 g,66.69 g,368.0 kcal
"Cereals ready-to-eat, KASHI GOLEAN CRUNCH!",53.0,0.75 Cup (1 NLEA serving),3.5 g,59.0 mg,16.7 g,24.0 g,5.9 g,71.4 g,367.0 kcal
"Cereals ready-to-eat, KASHI GOLEAN Vanilla Graham Clusters",51.0,1.0 Cup (1 NLEA serving),3.0 g,105.0 mg,21.5 g,17.79 g,2.59 g,70.09 g,330.0 kcal
"Cereals ready-to-eat, KASHI GOOD FRIENDS",53.0,1.0 cup (1 NLEA serving),2.0 g,26.0 mg,9.4 g,18.8 g,3.2 g,79.3 g,299.0 kcal
"Cereals ready-to-eat, KASHI HEART TO HEART, Honey Toasted Oat",33.0,0.75 cup (1 NLEA serving),2.5 g,41.0 mg,11.39 g,15.5 g,5.0 g,78.69 g,364.0 kcal
"Cereals ready-to-eat, KASHI HEART TO HEART, Warm Cinnamon",33.0,0.75 cup (1 NLEA serving),2.5 g,55.0 mg,11.6 g,15.69 g,4.9 g,78.5 g,365.0 kcal
"Cereals ready-to-eat, KASHI Honey Sunshine",30.0,0.75 cup (1 NLEA serving),2.5 g,29.0 mg,7.8 g,20.29 g,4.09 g,82.0 g,332.0 kcal
"Cereals ready-to-eat, KASHI INDIGO MORNING",27.0,0.75 cup (1 NLEA serving),3.0 g,-- mg,7.7 g,22.2 g,3.4 g,82.8 g,364.0 kcal
"Cereals ready-to-eat, KASHI ORGANIC PROMISE, Berry Fruitful",55.0,29.0 biscuits (1 NLEA serving),8.5 g,29.0 mg,10.7 g,14.6 g,1.3 g,76.2 g,318.0 kcal
"Cereals ready-to-eat, KASHI ORGANIC PROMISE, CINNAMON HARVEST",55.0,28.0 biscuits (1 NLEA serving),5.0 g,25.0 mg,11.0 g,16.5 g,1.4 g,79.0 g,336.0 kcal
"Cereals ready-to-eat, KASHI ORGANIC PROMISE, ISLAND VANILLA",55.0,27.0 biscuits (1 NLEA serving),5.2 g,37.0 mg,10.7 g,16.9 g,1.9 g,80.8 g,350.0 kcal
"Cereals ready-to-eat, KASHI ORGANIC PROMISE, RAISIN VINEYARD",50.0,0.75 Cup (1 NLEA serving),8.5 g,24.0 mg,8.69 g,23.39 g,0.8 g,79.9 g,342.0 kcal
"Cereals ready-to-eat, KASHI ORGANIC PROMISE, STRAWBERRY FIELDS",55.0,1.0 cup (1 NLEA serving),3.1 g,14.0 mg,9.4 g,20.5 g,0.7 g,83.5 g,358.0 kcal
"Cereals ready-to-eat, KASHI Simply Maize",27.0,0.75 cup (1 NLEA serving),3.0 g,-- mg,7.8 g,22.1 g,3.4 g,83.3 g,371.0 kcal
"Cereals ready-to-eat, KASHI, HEART TO HEART, Oat Flakes &amp; Blueberry Clusters",55.0,1.0 cup (1 NLEA serving),3.0 g,43.0 mg,10.39 g,22.7 g,3.79 g,80.3 g,376.0 kcal
"Cereals ready-to-eat, KASHI, ORGANIC PROMISE Autumn Wheat",54.0,29.0 biscuits (1 NLEA serving),5.0 g,29.0 mg,12.0 g,12.4 g,1.4 g,79.0 g,338.0 kcal
"Cereals ready-to-eat, KELLOGG RAISIN BRAN with Omega-3 from flaxseed",53.0,1.0 Cup (1 NLEA serving),5.69 g,39.0 mg,7.3 g,31.29 g,2.5 g,82.69 g,349.0 kcal
"Cereals ready-to-eat, KELLOGG SCOOBY-DOO! cereal",32.0,1.0 Cup (1 NLEA serving),2.29 g,22.0 mg,8.6 g,18.5 g,4.09 g,84.0 g,376.0 kcal
"Cereals ready-to-eat, KELLOGG'S APPLE JACKS with marshmallows",28.0,1.0 cup (1 NLEA serving),2.5 g,10.0 mg,4.3 g,51.1 g,2.8 g,89.6 g,378.0 kcal
"Cereals ready-to-eat, KELLOGG'S CINNAMON JACKS",28.0,1.0 cup (1 NLEA serving),2.29 g,20.0 mg,5.9 g,33.9 g,7.8 g,83.0 g,397.0 kcal
"Cereals ready-to-eat, KELLOGG'S CRUNCHY NUT Golden Honey Nut flakes",31.0,0.75 cup (1 NLEA serving),2.5 g,20.0 mg,6.7 g,33.5 g,3.9 g,83.3 g,385.0 kcal
"Cereals ready-to-eat, KELLOGG'S FROSTED FLAKES, CHOCO ZUCARITAS",30.0,0.75 cup (1 NLEA serving),2.65 g,7.0 mg,5.1 g,38.1 g,3.5 g,85.1 g,387.0 kcal
"Cereals ready-to-eat, KELLOGG's FROSTED MINI-WHEATS Bite Size Blueberry Muffin",55.0,25.0 biscuits (1 NLEA serving),5.0 g,26.0 mg,8.6 g,22.7 g,1.6 g,84.8 g,352.0 kcal
"Cereals ready-to-eat, KELLOGG'S FROSTED MINI-WHEATS LITTLE BITES, chocolate",56.0,1.0 cup (1 NLEA serving),5.3 g,33.0 mg,8.5 g,22.29 g,3.4 g,81.4 g,354.0 kcal
"Cereals ready-to-eat, KELLOGG's FROSTED MINI-WHEATS Touch of Fruit in the Middle, raisin",55.0,24.0 Biscuits (1 NLEA serving),6.3 g,32.0 mg,9.1 g,17.2 g,1.6 g,82.1 g,343.0 kcal
"Cereals ready-to-eat, KELLOGG'S FROSTED MINI-WHEATS Touch of Fruit in the Middle, Raspberry",55.0,24.0 biscuits (1 NLEA serving),6.3 g,33.0 mg,8.8 g,17.8 g,1.8 g,82.1 g,342.0 kcal
"Cereals ready-to-eat, KELLOGG'S FROSTED MINI-WHEATS, Big Bite",58.0,7.0 biscuit (1 NLEA serving),4.8 g,28.0 mg,9.2 g,20.3 g,1.6 g,83.4 g,350.0 kcal
"Cereals ready-to-eat, KELLOGG'S KRAVE chocolate cereal",31.0,0.75 cup (1 NLEA serving),3.5 g,61.0 mg,7.0 g,35.7 g,11.1 g,76.1 g,397.0 kcal
"Cereals ready-to-eat, KELLOGG'S KRAVE double chocolate cereal",30.0,0.75 cup (1 NLEA serving),3.5 g,67.0 mg,7.1 g,36.3 g,11.2 g,75.9 g,397.0 kcal
"Cereals ready-to-eat, KELLOGG'S KRAVE Smores",31.0,0.75 Cup (1 NLEA serving),3.5 g,57.0 mg,7.3 g,31.7 g,10.89 g,76.4 g,401.0 kcal
"Cereals ready-to-eat, KELLOGG'S RICE KRISPIES, Gluten Free",30.0,1.0 cup (1 NLEA serving),3.6 g,10.0 mg,7.8 g,3.7 g,2.3 g,82.4 g,371.0 kcal
"Cereals ready-to-eat, KELLOGG'S SPECIAL K Chocolate Almond",28.0,0.67 Cup (1 NLEA serving),3.0 g,105.0 mg,7.59 g,27.5 g,5.09 g,81.5 g,375.0 kcal
"Cereals ready-to-eat, KELLOGG'S SPECIAL K Chocolatey Delight",31.0,0.75 cup (1 NLEA serving),3.0 g,18.0 mg,6.5 g,29.9 g,7.3 g,81.2 g,381.0 kcal
"Cereals ready-to-eat, KELLOGG'S SPECIAL K Multigrain Oats and Honey",29.0,0.666 cup (1 NLEA serving),3.5 g,18.0 mg,7.8 g,26.4 g,1.8 g,85.0 g,362.0 kcal
"Cereals ready-to-eat, KELLOGG'S, FROSTED MINI-WHEATS Bite Size Strawberry Delight",55.0,25.0 biscuits (1 NLEA serving),5.1 g,26.0 mg,8.7 g,22.7 g,1.6 g,84.6 g,352.0 kcal
"Cereals ready-to-eat, KELLOGG'S, FROSTED MINI-WHEATS, Maple &amp; Brown Sugar, Bite Size",55.0,25.0 biscuits (1 NLEA serving),5.05 g,30.0 mg,8.7 g,22.7 g,1.5 g,84.7 g,351.0 kcal
"Cereals ready-to-eat, KELLOGG'S, Reduced Sugar Frosted Flakes Cereal",30.0,0.75 cup (1 NLEA serving),3.0 g,5.0 mg,5.59 g,23.89 g,0.4 g,87.3 g,357.0 kcal
"Cereals ready-to-eat, KELLOGG'S, SPECIAL K gluten free, touch of brown sugar",49.0,1.0 Cup (1 NLEA serving),3.0 g,163.0 mg,6.09 g,19.1 g,2.5 g,86.5 g,369.0 kcal
"Cereals ready-to-eat, KELLOGG'S, SPECIAL K Protein Plus",32.0,0.75 cup (1 NLEA serving),3.0 g,79.0 mg,31.2 g,20.3 g,2.6 g,60.6 g,359.0 kcal
"Cereals ready-to-eat, KELLOGG'S, SPECIAL K protein, cinnamon brown sugar crunch",31.0,0.75 Cup (1 NLEA serving),3.0 g,205.0 mg,22.29 g,30.29 g,2.59 g,69.8 g,356.0 kcal
"Cereals ready-to-eat, KELLOGG'S, SPECIAL K Vanilla Almond",30.0,0.75 cup (1 NLEA serving),3.0 g,34.0 mg,7.8 g,29.2 g,4.0 g,83.0 g,366.0 kcal
"Cereals ready-to-eat, KELLOGG, KELLOGG'S ALL-BRAN BRAN BUDS",30.0,0.333 cup (1 NLEA serving),3.0 g,63.0 mg,8.9 g,26.7 g,2.5 g,81.0 g,257.0 kcal
"Cereals ready-to-eat, KELLOGG, KELLOGG'S ALL-BRAN COMPLETE Wheat Flakes",29.0,0.75 cup (1 NLEA serving),-- g,39.0 mg,10.2 g,18.8 g,2.5 g,81.6 g,327.0 kcal
"Cereals ready-to-eat, KELLOGG, KELLOGG'S ALL-BRAN Original",31.0,0.5 cup (1 NLEA serving),2.12 g,389.0 mg,13.14 g,15.69 g,4.9 g,74.24 g,259.0 kcal
"Cereals ready-to-eat, KELLOGG, KELLOGG'S APPLE JACKS",28.0,1.0 cup (1 NLEA serving),2.5 g,12.0 mg,5.1 g,43.7 g,3.4 g,88.2 g,375.0 kcal
"Cereals ready-to-eat, KELLOGG, KELLOGG'S CINNABON cereal",30.0,1.0 cup (1 NLEA serving),2.5 g,26.0 mg,5.69 g,41.59 g,7.3 g,83.3 g,410.0 kcal
"Cereals ready-to-eat, KELLOGG, KELLOGG'S COCOA KRISPIES",31.0,0.75 cup (1 NLEA serving),2.81 g,127.0 mg,4.6 g,38.6 g,2.7 g,87.9 g,389.0 kcal
"Cereals ready-to-eat, KELLOGG, KELLOGG'S Corn Flakes",28.0,1.0 cup (1 NLEA serving),3.76 g,5.0 mg,7.5 g,9.5 g,0.4 g,84.1 g,357.0 kcal
"Cereals ready-to-eat, KELLOGG, KELLOGG'S CORN POPS",30.0,1.0 cup (1 NLEA serving),3.0 g,7.0 mg,4.8 g,31.3 g,1.3 g,89.7 g,387.0 kcal
"Cereals ready-to-eat, KELLOGG, KELLOGG'S CRACKLIN' OAT BRAN",49.0,0.75 cup (1 NLEA serving),3.0 g,59.0 mg,9.2 g,28.0 g,14.1 g,70.3 g,395.0 kcal
"Cereals ready-to-eat, KELLOGG, KELLOGG'S CRISPIX",29.0,1.0 cup (1 NLEA serving),3.0 g,9.0 mg,6.59 g,12.8 g,0.8 g,87.19 g,378.0 kcal
"Cereals ready-to-eat, KELLOGG, KELLOGG'S FROOT LOOPS",29.0,1.0 cup (1 NLEA serving),2.5 g,10.0 mg,5.3 g,41.7 g,3.4 g,88.0 g,375.0 kcal
"Cereals ready-to-eat, KELLOGG, KELLOGG'S FROSTED FLAKES",30.0,0.75 cup ( 1 NLEA serving),4.18 g,3.0 mg,3.96 g,35.43 g,1.68 g,89.2 g,369.0 kcal
"Cereals ready-to-eat, KELLOGG, KELLOGG'S FROSTED MINI-WHEATS, bite size",54.0,21.0 biscuits (1 NLEA serving),4.8 g,28.0 mg,9.19 g,20.29 g,1.6 g,83.4 g,350.0 kcal
"Cereals ready-to-eat, KELLOGG, KELLOGG'S FROSTED MINI-WHEATS, little bites",56.0,1.0 Cup (1 NLEA serving),4.8 g,30.0 mg,9.19 g,20.2 g,1.7 g,83.4 g,351.0 kcal
"Cereals ready-to-eat, KELLOGG, KELLOGG'S FROSTED RICE KRISPIES",30.0,0.75 cup (1 NLEA serving),2.5 g,6.0 mg,4.3 g,40.2 g,0.4 g,91.3 g,384.0 kcal
"Cereals ready-to-eat, KELLOGG, KELLOGG'S HONEY CRUNCH CORN FLAKES",30.0,0.75 cup (1 NLEA serving),3.0 g,22.0 mg,6.8 g,33.0 g,1.9 g,87.0 g,385.0 kcal
"Cereals ready-to-eat, KELLOGG, KELLOGG'S HONEY SMACKS",27.0,0.75 cup (1 NLEA serving),2.9 g,14.0 mg,5.7 g,56.2 g,2.2 g,88.5 g,380.0 kcal
"Cereals ready-to-eat, KELLOGG, KELLOGG'S Low Fat Granola with Raisins",60.0,0.667 cup (1 NLEA serving),3.8 g,36.0 mg,9.0 g,27.9 g,5.2 g,80.1 g,381.0 kcal
"Cereals ready-to-eat, KELLOGG, KELLOGG'S Low Fat Granola without Raisins",49.0,0.5 cup (1 NLEA serving),3.5 g,33.0 mg,8.7 g,28.3 g,5.7 g,80.9 g,389.0 kcal
"Cereals ready-to-eat, KELLOGG, KELLOGG'S MARSHMALLOW FROOT LOOPS",29.0,1.0 cup (1 NLEA serving),2.5 g,9.0 mg,4.59 g,49.9 g,2.79 g,89.3 g,376.0 kcal
"Cereals ready-to-eat, KELLOGG, KELLOGG'S MINI-WHEATS, unfrosted bite size",55.0,30.0 biscuits (1 NLEA serving),4.4 g,35.0 mg,11.6 g,0.4 g,2.0 g,81.0 g,342.0 kcal
"Cereals ready-to-eat, KELLOGG, KELLOGG'S MUESLIX",55.0,0.67 cup (1 NLEA serving),10.0 g,36.0 mg,8.6 g,25.1 g,5.4 g,74.9 g,355.0 kcal
"Cereals ready-to-eat, KELLOGG, KELLOGG'S PRODUCT 19",30.0,1.0 cup (1 NLEA serving),3.5 g,16.0 mg,8.5 g,12.5 g,1.3 g,84.3 g,374.0 kcal
"Cereals ready-to-eat, KELLOGG, KELLOGG'S RAISIN BRAN",59.0,1.0 cup ( 1 NLEA serving),10.4 g,43.0 mg,7.72 g,31.3 g,2.72 g,77.29 g,318.0 kcal
"Cereals ready-to-eat, KELLOGG, KELLOGG'S RAISIN BRAN with cranberries",59.0,1.25 Cups (1 NLEA serving),6.0 g,39.0 mg,6.9 g,30.29 g,1.5 g,84.19 g,344.0 kcal
"Cereals ready-to-eat, KELLOGG, KELLOGG'S RAISIN BRAN, Cinnamon Almond",58.0,1.25 cup (1 NLEA serving),5.67 g,47.0 mg,7.4 g,31.29 g,2.9 g,81.19 g,347.0 kcal
"Cereals ready-to-eat, KELLOGG, KELLOGG'S RICE KRISPIES",33.0,1.25 cup (1 NLEA serving),5.06 g,5.0 mg,6.75 g,9.87 g,2.05 g,85.05 g,381.0 kcal
"Cereals ready-to-eat, KELLOGG, KELLOGG'S RICE KRISPIES TREATS Cereal",30.0,0.75 cup (1 NLEA serving),3.5 g,10.0 mg,4.3 g,29.6 g,4.19 g,85.59 g,395.0 kcal
"Cereals ready-to-eat, KELLOGG, KELLOGG'S SMART START Strong Heart Antioxidants Cereal",50.0,1.0 cup (1 NLEA serving),2.5 g,29.0 mg,7.5 g,27.79 g,1.5 g,86.8 g,371.0 kcal
"Cereals ready-to-eat, KELLOGG, KELLOGG'S SPECIAL K",31.0,1.0 cup (1 NLEA serving),3.0 g,23.0 mg,17.79 g,12.69 g,1.79 g,73.4 g,377.0 kcal
"Cereals ready-to-eat, KELLOGG, KELLOGG'S SPECIAL K Blueberry",30.0,0.75 cup (1 NLEA serving),3.5 g,18.0 mg,6.9 g,26.7 g,1.5 g,86.3 g,363.0 kcal
"Cereals ready-to-eat, KELLOGG, KELLOGG'S SPECIAL K Chocolatey Strawberry",29.0,0.75 Cup (1 NLEA serving),3.0 g,25.0 mg,6.9 g,28.6 g,3.9 g,83.3 g,368.0 kcal
"Cereals ready-to-eat, KELLOGG, KELLOGG'S SPECIAL K Low Fat Granola",52.0,0.5 cup (1 NLEA serving),3.5 g,40.0 mg,13.1 g,18.0 g,5.4 g,74.8 g,375.0 kcal
"Cereals ready-to-eat, KELLOGG, KELLOGG'S SPECIAL K Multi-grain",31.0,1.0 Cup (1 NLEA serving),3.0 g,36.0 mg,7.59 g,20.7 g,1.29 g,86.59 g,364.0 kcal
"Cereals ready-to-eat, KELLOGG, KELLOGG'S SPECIAL K Red Berries",31.0,1.0 cup (1 NLEA serving),3.0 g,24.0 mg,6.3 g,29.7 g,1.29 g,87.09 g,358.0 kcal
"Cereals ready-to-eat, KELLOGG, KELLOGG'S SPECIAL K, Cinnamon Pecan",30.0,0.75 cup (1 NLEA serving),3.0 g,30.0 mg,7.5 g,24.0 g,6.0 g,81.2 g,375.0 kcal
"Cereals ready-to-eat, KELLOGG, KELLOGG'S, RAISIN BRAN CRUNCH",53.0,1.0 cup (1 NLEA serving),5.0 g,35.0 mg,6.59 g,35.2 g,1.79 g,84.9 g,354.0 kcal
"Cereals ready-to-eat, KELLOGG, SPECIAL K, Fruit &amp; Yogurt",32.0,0.75 cup (1 NLEA serving),3.0 g,27.0 mg,7.1 g,32.1 g,2.9 g,85.3 g,367.0 kcal
"Cereals ready-to-eat, MALT-O-MEAL, Apple ZINGS",33.0,1.0 cup (1 NLEA serving),2.5 g,303.0 mg,4.51 g,44.61 g,2.71 g,87.3 g,390.0 kcal
"Cereals ready-to-eat, MALT-O-MEAL, BERRY COLOSSAL CRUNCH",30.0,0.75 cup (1 NLEA serving),2.5 g,33.0 mg,4.19 g,41.66 g,4.17 g,86.55 g,396.0 kcal
"Cereals ready-to-eat, MALT-O-MEAL, Blueberry MUFFIN TOPS Cereal",30.0,0.75 cup (1 NLEA serving),1.1 g,338.0 mg,4.9 g,35.36 g,11.48 g,79.91 g,443.0 kcal
"Cereals ready-to-eat, MALT-O-MEAL, CHOCOLATE MARSHMALLOW MATEYS",30.0,0.75 cup (1 NLEA serving),2.0 g,267.0 mg,3.5 g,55.45 g,3.67 g,88.18 g,392.0 kcal
"Cereals ready-to-eat, MALT-O-MEAL, CINNAMON TOASTERS",30.0,0.75 cup (1 NLEA serving),3.0 g,333.0 mg,3.32 g,32.86 g,12.06 g,78.33 g,425.0 kcal
"Cereals ready-to-eat, MALT-O-MEAL, COCO-ROOS",30.0,0.75 cup (1 NLEA serving),2.5 g,333.0 mg,3.41 g,48.11 g,4.61 g,86.75 g,389.0 kcal
"Cereals ready-to-eat, MALT-O-MEAL, Cocoa DYNO-BITES",29.0,0.75 cup (1 NLEA serving),3.0 g,17.0 mg,4.15 g,43.15 g,3.43 g,87.93 g,397.0 kcal
"Cereals ready-to-eat, MALT-O-MEAL, COLOSSAL CRUNCH",30.0,0.75 cup (1 NLEA serving),2.5 g,0.0 mg,3.64 g,42.5 g,5.28 g,81.59 g,401.0 kcal
"Cereals ready-to-eat, MALT-O-MEAL, CORN BURSTS",31.0,1.0 cup (1 NLEA serving),2.5 g,5.0 mg,3.32 g,46.88 g,0.35 g,90.59 g,385.0 kcal
"Cereals ready-to-eat, MALT-O-MEAL, Crispy Rice",33.0,1.25 cup (1 NLEA serving),3.4 g,7.0 mg,6.07 g,7.82 g,1.12 g,86.4 g,346.0 kcal
"Cereals ready-to-eat, MALT-O-MEAL, Frosted Flakes",31.0,0.75 cup (1 NLEA serving),3.0 g,-- mg,4.25 g,39.27 g,0.87 g,90.2 g,389.0 kcal
"Cereals ready-to-eat, MALT-O-MEAL, Frosted Mini SPOONERS",55.0,1.0 cup (1 NLEA serving),5.5 g,29.0 mg,9.09 g,20.0 g,1.94 g,81.81 g,354.0 kcal
"Cereals ready-to-eat, MALT-O-MEAL, Fruity DYNO-BITES",27.0,0.75 cup,1.2 g,3.0 mg,3.9 g,42.6 g,3.15 g,90.1 g,404.0 kcal
"Cereals ready-to-eat, MALT-O-MEAL, GOLDEN PUFFS",27.0,0.75 cup (1 NLEA serving),2.76 g,11.0 mg,5.77 g,51.34 g,0.89 g,89.72 g,370.0 kcal
"Cereals ready-to-eat, MALT-O-MEAL, Honey BUZZERS",29.0,1.333 cup,1.88 g,14.0 mg,3.45 g,37.93 g,1.72 g,89.66 g,379.0 kcal
"Cereals ready-to-eat, MALT-O-MEAL, HONEY GRAHAM SQUARES",30.0,0.75 cup (1 NLEA serving),3.59 g,367.0 mg,4.46 g,32.7 g,9.97 g,74.68 g,398.0 kcal
"Cereals ready-to-eat, MALT-O-MEAL, Honey Nut SCOOTERS",30.0,1.0 cup (1 NLEA serving),2.5 g,333.0 mg,8.59 g,29.97 g,4.51 g,79.62 g,387.0 kcal
"Cereals ready-to-eat, MALT-O-MEAL, MARSHMALLOW MATEYS",30.0,1.0 cup,2.19 g,333.0 mg,6.94 g,40.91 g,3.53 g,82.77 g,387.0 kcal
"Cereals ready-to-eat, MALT-O-MEAL, OAT BLENDERS with honey",30.0,0.75 cup (1 NLEA serving),3.0 g,23.0 mg,6.78 g,21.62 g,4.17 g,84.94 g,396.0 kcal
"Cereals ready-to-eat, MALT-O-MEAL, OAT BLENDERS with honey &amp; almonds",30.0,0.75 cup (1 NLEA serving),3.1 g,33.0 mg,7.8 g,20.26 g,4.88 g,77.26 g,379.0 kcal
"Cereals ready-to-eat, MALT-O-MEAL, Raisin Bran Cereal",59.0,1.0 cup (1 NLEA serving),7.5 g,33.0 mg,7.63 g,33.04 g,1.87 g,80.37 g,342.0 kcal
"Cereals ready-to-eat, MALT-O-MEAL, TOOTIE FRUITIES",32.0,1.0 cup (1 NLEA serving),2.5 g,313.0 mg,4.69 g,45.31 g,3.2 g,85.94 g,391.0 kcal
"Cereals ready-to-eat, MOM'S BEST, Honey Nut TOASTY O'S",30.0,1.0 cup (1 NLEA serving),2.5 g,380.0 mg,8.6 g,30.17 g,4.51 g,79.84 g,388.0 kcal
"Cereals ready-to-eat, MOM'S BEST, Sweetened WHEAT-FULS",55.0,1.0 cup (1 NLEA serving),6.0 g,36.0 mg,8.18 g,20.29 g,1.83 g,80.91 g,373.0 kcal
"Cereals ready-to-eat, NATURE'S PATH, Organic FLAX PLUS flakes",30.0,0.75 cup (1 NLEA serving),3.4 g,55.0 mg,11.91 g,12.25 g,5.46 g,75.27 g,350.0 kcal
"Cereals ready-to-eat, NATURE'S PATH, Organic FLAX PLUS, Pumpkin Granola",55.0,0.75 cup (1 NLEA serving),3.0 g,51.0 mg,11.23 g,18.17 g,18.33 g,66.1 g,467.0 kcal
"Cereals ready-to-eat, OAT BRAN FLAKES, HEALTH VALLEY",50.0,1.0 cup (1 NLEA serving),3.4 g,80.0 mg,10.0 g,22.0 g,3.0 g,78.0 g,380.0 kcal
"Cereals ready-to-eat, POST Bran Flakes",30.0,0.75 cup (1 NLEA serving),3.4 g,44.0 mg,9.9 g,18.6 g,2.1 g,80.5 g,328.0 kcal
"Cereals ready-to-eat, POST GREAT GRAINS Banana Nut Crunch",59.0,1.0 cup (1 NLEA serving),5.6 g,44.0 mg,9.8 g,17.5 g,8.8 g,70.9 g,390.0 kcal
"Cereals ready-to-eat, POST GREAT GRAINS Cranberry Almond Crunch",48.0,0.75 cup (1 NLEA serving),6.2 g,40.0 mg,8.9 g,25.5 g,5.9 g,76.6 g,384.0 kcal
"Cereals ready-to-eat, POST HONEY BUNCHES OF OATS with cinnamon bunches",30.0,0.75 cup (1 NLEA serving),2.8 g,36.0 mg,7.1 g,20.4 g,5.0 g,82.8 g,400.0 kcal
"Cereals ready-to-eat, POST Raisin Bran Cereal",59.0,1.0 cup (1 NLEA serving),8.6 g,44.0 mg,7.6 g,32.9 g,1.6 g,78.9 g,324.0 kcal
"Cereals ready-to-eat, POST SELECTS Blueberry Morning",55.0,1.25 cup (1 NLEA serving),4.7 g,41.0 mg,6.5 g,29.2 g,5.3 g,81.6 g,395.0 kcal
"Cereals ready-to-eat, POST SELECTS Maple Pecan Crunch",52.0,0.75 cup (1 NLEA serving),3.0 g,39.0 mg,8.5 g,22.5 g,8.7 g,77.4 g,413.0 kcal
"Cereals ready-to-eat, POST, ALPHA-BITS",30.0,1.0 cup (1 NLEA serving for adults),1.2 g,35.0 mg,10.0 g,21.0 g,4.6 g,80.3 g,389.0 kcal
"Cereals ready-to-eat, POST, COCOA PEBBLES",29.0,0.75 cup (1 NLEA serving),2.5 g,22.0 mg,4.8 g,35.8 g,4.1 g,85.7 g,397.0 kcal
"Cereals ready-to-eat, POST, FRUITY PEBBLES",27.0,0.75 cup (1 NLEA serving),3.0 g,19.0 mg,4.62 g,34.28 g,4.02 g,86.1 g,402.0 kcal
"Cereals ready-to-eat, POST, GOLDEN CRISP",27.0,0.75 cup (1 NLEA serving),1.4 g,15.0 mg,5.5 g,53.6 g,1.7 g,90.1 g,380.0 kcal
"Cereals ready-to-eat, POST, GRAPE-NUTS Cereal",58.0,0.5 cup (1 NLEA serving),3.5 g,32.0 mg,11.22 g,8.86 g,1.81 g,80.49 g,361.0 kcal
"Cereals ready-to-eat, POST, GRAPE-NUTS Flakes",29.0,0.75 cup (1 NLEA serving),3.3 g,36.0 mg,9.4 g,15.2 g,3.7 g,82.0 g,376.0 kcal
"Cereals ready-to-eat, POST, GREAT GRAINS Crunchy Pecan Cereal",52.0,0.75 cup (1 NLEA serving),5.2 g,39.0 mg,9.0 g,15.4 g,10.5 g,73.0 g,403.0 kcal
"Cereals ready-to-eat, POST, GREAT GRAINS, Raisin, Date &amp; Pecan",55.0,0.75 cup (1 NLEA serving),8.5 g,39.0 mg,7.9 g,24.1 g,7.1 g,74.3 g,378.0 kcal
"Cereals ready-to-eat, POST, HONEY BUNCHES OF OATS with vanilla bunches",56.0,1.0 cup (1 NLEA serving),3.0 g,33.0 mg,7.9 g,20.7 g,5.1 g,81.8 g,394.0 kcal
"Cereals ready-to-eat, POST, HONEY BUNCHES OF OATS, honey roasted",30.0,0.75 cup (1 NLEA serving),5.0 g,23.0 mg,7.12 g,19.79 g,5.46 g,81.19 g,401.0 kcal
"Cereals ready-to-eat, POST, HONEY BUNCHES OF OATS, pecan bunches",29.0,0.75 cup (1 NLEA serving),2.9 g,19.0 mg,7.0 g,21.9 g,5.4 g,82.0 g,399.0 kcal
"Cereals ready-to-eat, POST, HONEY BUNCHES OF OATS, with almonds",32.0,0.75 cup (1 NLEA serving),2.9 g,35.0 mg,7.7 g,20.0 g,7.3 g,79.6 g,409.0 kcal
"Cereals ready-to-eat, POST, HONEY BUNCHES OF OATS, with real strawberries",31.0,0.75 cup (1 NLEA serving),2.9 g,26.0 mg,6.7 g,24.0 g,4.9 g,83.3 g,399.0 kcal
"Cereals ready-to-eat, POST, Honey Nut Shredded Wheat",59.0,1.0 cup (1 NLEA serving),3.0 g,38.0 mg,8.5 g,20.7 g,2.9 g,83.6 g,373.0 kcal
"Cereals ready-to-eat, POST, Honeycomb Cereal",32.0,1.5 cup (1 NLEA serving),1.5 g,11.0 mg,6.01 g,31.51 g,2.93 g,86.63 g,394.0 kcal
"Cereals ready-to-eat, POST, Shredded Wheat n' Bran, spoon-size",59.0,1.25 cup (1 NLEA serving),3.14 g,44.0 mg,10.93 g,0.75 g,2.06 g,80.65 g,339.0 kcal
"Cereals ready-to-eat, POST, Shredded Wheat, lightly frosted, spoon-size",52.0,1.0 cup (1 NLEA serving),6.0 g,13.0 mg,7.8 g,22.3 g,1.9 g,83.8 g,352.0 kcal
"Cereals ready-to-eat, POST, Shredded Wheat, original big biscuit",47.0,2.0 biscuits (1 NLEA serving),6.1 g,56.0 mg,11.37 g,0.94 g,2.01 g,78.96 g,337.0 kcal
"Cereals ready-to-eat, POST, Shredded Wheat, original spoon-size",49.0,1.0 cup (1 NLEA serving),3.0 g,58.0 mg,11.8 g,0.9 g,2.1 g,81.4 g,351.0 kcal
"Cereals ready-to-eat, Post, Waffle Crisp",30.0,1.0 cup (1 NLEA serving),2.5 g,24.0 mg,6.6 g,34.7 g,5.0 g,83.0 g,390.0 kcal
"Cereals ready-to-eat, QUAKER Oatmeal Squares, Golden Maple",56.0,1.0 cup (1 NLEA serving),2.75 g,201.0 mg,11.3 g,16.82 g,4.83 g,78.04 g,380.0 kcal
"Cereals ready-to-eat, QUAKER WHOLE HEARTS oat cereal",28.0,0.75 cup (1 NLEA serving),2.75 g,0.0 mg,7.63 g,21.53 g,5.61 g,80.1 g,376.0 kcal
"Cereals ready-to-eat, QUAKER, 100% Natural Granola, Oats, Wheat and Honey",48.0,0.5 cup (1 NLEA serving),2.19 g,109.0 mg,10.55 g,20.34 g,11.62 g,73.65 g,421.0 kcal
"Cereals ready-to-eat, QUAKER, CAP'N CRUNCH",27.0,0.75 cup (1 NLEA serving),2.5 g,11.0 mg,4.39 g,44.32 g,5.12 g,85.51 g,398.0 kcal
"Cereals ready-to-eat, QUAKER, CAP'N CRUNCH with CRUNCHBERRIES",26.0,0.75 cup (1 NLEA serving),2.5 g,11.0 mg,4.45 g,44.2 g,4.83 g,85.93 g,397.0 kcal
"Cereals ready-to-eat, QUAKER, CAP'N CRUNCH'S Halloween Crunch",26.0,0.75 cup (1 NLEA serving),2.48 g,11.0 mg,4.41 g,43.82 g,5.66 g,85.14 g,402.0 kcal
"Cereals ready-to-eat, QUAKER, Cap'n Crunch's OOPS! All Berries Cereal",32.0,1.0 cup (1 NLEA serving),2.5 g,11.0 mg,4.6 g,44.18 g,3.99 g,87.1 g,395.0 kcal
"Cereals ready-to-eat, QUAKER, CAP'N CRUNCH'S PEANUT BUTTER CRUNCH",27.0,0.75 cup (1 NLEA serving),2.5 g,9.0 mg,7.1 g,33.36 g,9.23 g,78.65 g,417.0 kcal
"Cereals ready-to-eat, QUAKER, Christmas Crunch",26.0,0.75 cup (1 NLEA serving),2.5 g,11.0 mg,4.44 g,44.31 g,4.83 g,85.92 g,397.0 kcal
"Cereals ready-to-eat, QUAKER, HONEY GRAHAM OH!S",27.0,0.75 cup (1 NLEA serving),2.75 g,11.0 mg,3.92 g,43.23 g,7.63 g,83.65 g,412.0 kcal
"Cereals ready-to-eat, QUAKER, KING VITAMAN",31.0,1.5 cup (1 NLEA serving),3.35 g,10.0 mg,6.41 g,20.27 g,3.44 g,83.85 g,381.0 kcal
"Cereals ready-to-eat, QUAKER, Low Fat 100% Natural Granola with Raisins",55.0,0.666 cup (1 NLEA serving),3.4 g,65.0 mg,8.42 g,25.65 g,5.52 g,80.57 g,388.0 kcal
"Cereals ready-to-eat, QUAKER, Maple Brown Sugar LIFE Cereal",32.0,0.75 cup (1 NLEA serving),4.3 g,349.0 mg,9.17 g,24.9 g,4.06 g,78.86 g,373.0 kcal
"Cereals ready-to-eat, QUAKER, MOTHER'S Cinnamon Oat Crunch",60.0,1.0 cup (1 NLEA serving),2.75 g,50.0 mg,10.6 g,25.37 g,4.56 g,79.79 g,382.0 kcal
"Cereals ready-to-eat, QUAKER, MOTHER'S COCOA BUMPERS",33.0,1.0 cup (1 NLEA serving),2.5 g,16.0 mg,4.21 g,43.12 g,1.61 g,89.91 g,382.0 kcal
"Cereals ready-to-eat, QUAKER, MOTHER'S GRAHAM BUMPERS",28.0,0.75 cup (1 NLEA serving),2.5 g,18.0 mg,4.55 g,44.33 g,1.45 g,88.89 g,379.0 kcal
"Cereals ready-to-eat, QUAKER, MOTHER'S PEANUT BUTTER BUMPERS Cereal",33.0,1.0 cup (1 NLEA serving),2.5 g,23.0 mg,7.62 g,29.29 g,7.33 g,79.68 g,407.0 kcal
"Cereals ready-to-eat, QUAKER, MOTHER'S Toasted Oat Bran cereal",32.0,0.75 cup (1 NLEA serving),4.0 g,58.0 mg,11.45 g,15.57 g,5.04 g,75.41 g,372.0 kcal
"Cereals ready-to-eat, QUAKER, Natural Granola Apple Cranberry Almond",49.0,0.5 cup (1 NLEA serving),3.21 g,98.0 mg,9.21 g,27.43 g,11.06 g,74.73 g,418.0 kcal
"Cereals ready-to-eat, QUAKER, Oatmeal Squares",56.0,1.0 cup (1 NLEA serving),2.75 g,201.0 mg,11.38 g,16.69 g,4.83 g,77.77 g,379.0 kcal
"Cereals ready-to-eat, QUAKER, Oatmeal Squares, cinnamon",56.0,1.0 cup (1 NLEA serving),2.75 g,210.0 mg,11.23 g,16.67 g,4.88 g,78.09 g,379.0 kcal
"Cereals ready-to-eat, QUAKER, QUAKER 100% Natural Granola with Oats, Wheat, Honey, and Raisins",51.0,0.5 cup (1 NLEA serving),3.39 g,101.0 mg,9.66 g,24.63 g,10.38 g,74.67 g,412.0 kcal
"Cereals ready-to-eat, QUAKER, QUAKER CRUNCHY BRAN",27.0,0.75 cup (1 NLEA serving),2.5 g,71.0 mg,6.37 g,20.66 g,4.06 g,83.68 g,331.0 kcal
"Cereals ready-to-eat, QUAKER, QUAKER Honey Graham LIFE Cereal",32.0,0.75 cup (1 NLEA serving),4.3 g,366.0 mg,9.33 g,23.12 g,4.14 g,78.56 g,373.0 kcal
"Cereals ready-to-eat, QUAKER, QUAKER OAT CINNAMON LIFE",32.0,0.75 cup (1 NLEA serving),4.3 g,387.0 mg,9.14 g,25.18 g,4.1 g,79.02 g,374.0 kcal
"Cereals ready-to-eat, QUAKER, QUAKER OAT LIFE, plain",32.0,0.75 cup (1 NLEA serving),4.3 g,351.0 mg,9.98 g,19.43 g,4.43 g,77.74 g,374.0 kcal
"Cereals ready-to-eat, QUAKER, QUAKER Puffed Rice",14.0,0.75 cup (1 NLEA serving),3.91 g,9.0 mg,7.01 g,0.0 g,0.9 g,87.78 g,383.0 kcal
"Cereals ready-to-eat, QUAKER, QUAKER Puffed Wheat",15.0,1.0 cup (1 NLEA serving),3.69 g,24.0 mg,16.26 g,1.37 g,2.15 g,76.39 g,366.0 kcal
"Cereals ready-to-eat, QUAKER, Shredded Wheat, bagged cereal",63.0,3.0 biscuits (1 NLEA serving),4.2 g,45.0 mg,11.24 g,0.81 g,2.01 g,81.01 g,348.0 kcal
"Cereals ready-to-eat, QUAKER, SWEET CRUNCH/QUISP",27.0,1.0 cup (1 NLEA serving),2.0 g,9.0 mg,4.51 g,43.36 g,6.08 g,85.03 g,406.0 kcal
"Cereals ready-to-eat, QUAKER, Toasted Multigrain Crisps",57.0,1.25 cup (1 NLEA serving),4.0 g,242.0 mg,12.38 g,16.34 g,5.11 g,74.9 g,372.0 kcal
"Cereals ready-to-eat, RALSTON Corn Biscuits",30.0,1.0 cup (NLEA serving),3.59 g,378.0 mg,5.83 g,9.51 g,1.05 g,85.79 g,367.0 kcal
"Cereals ready-to-eat, RALSTON Corn Flakes",28.0,1.0 cup (1 NLEA serving),3.31 g,2.0 mg,5.9 g,7.84 g,0.91 g,88.01 g,357.0 kcal
"Cereals ready-to-eat, RALSTON CRISP RICE",33.0,1.25 cup (1 NLEA serving),3.62 g,5.0 mg,6.69 g,12.12 g,1.26 g,86.22 g,394.0 kcal
"Cereals ready-to-eat, RALSTON Crispy Hexagons",29.0,1.0 cup (1 NLEA serving),4.07 g,8.0 mg,5.94 g,13.79 g,0.95 g,86.78 g,379.0 kcal
"Cereals ready-to-eat, RALSTON Enriched Wheat Bran flakes",29.0,1.0 serving (NLEA serving size = 0.75 cup),2.53 g,45.0 mg,10.21 g,17.17 g,3.36 g,79.77 g,310.0 kcal
"Cereals ready-to-eat, RALSTON TASTEEOS",28.0,1.0 cup (1 NLEA serving),3.68 g,-- mg,10.71 g,3.57 g,5.36 g,75.5 g,357.0 kcal
"Cereals ready-to-eat, rice, puffed, fortified",14.0,1.0 cup,3.0 g,6.0 mg,6.3 g,-- g,0.5 g,89.8 g,402.0 kcal
"Cereals ready-to-eat, SUN COUNTRY, KRETSCHMER Honey Crunch Wheat Germ",14.0,2.0 tbsp (1 NLEA serving),3.4 g,50.0 mg,26.55 g,21.43 g,7.78 g,58.11 g,372.0 kcal
"Cereals ready-to-eat, SUN COUNTRY, KRETSCHMER Toasted Wheat Bran",16.0,0.25 cup (1 NLEA serving),11.72 g,66.0 mg,17.56 g,-- g,5.16 g,59.51 g,200.0 kcal
"Cereals ready-to-eat, SUN COUNTRY, KRETSCHMER Wheat Germ, Regular",14.0,2.0 tbsp (1 NLEA serving),4.78 g,50.0 mg,31.43 g,7.14 g,9.56 g,49.38 g,366.0 kcal
"Cereals ready-to-eat, UNCLE SAM CEREAL",55.0,0.75 cup (1 NLEA serving),4.43 g,95.0 mg,15.98 g,1.56 g,11.6 g,65.78 g,346.0 kcal
"Cereals ready-to-eat, USDA Commodity Corn and Rice (includes all commodity brands)",29.0,1.0 cup,3.78 g,10.0 mg,6.06 g,10.35 g,1.08 g,86.85 g,378.0 kcal
"Cereals ready-to-eat, USDA Commodity Rice Crisps (includes all commodity brands)",28.0,1.0 cup (1 NLEA serving),3.85 g,5.0 mg,6.45 g,8.35 g,1.27 g,86.04 g,381.0 kcal
"Cereals ready-to-eat, WEETABIX whole grain cereal",35.0,2.0 biscuits (1 NLEA serving),3.0 g,57.0 mg,11.43 g,5.71 g,2.86 g,81.5 g,371.0 kcal
"Cereals ready-to-eat, wheat and bran, presweetened with nuts and fruits",55.0,1.0 cup (1 NLEA serving),8.5 g,43.0 mg,7.1 g,23.6 g,5.6 g,76.2 g,385.0 kcal
"Cereals ready-to-eat, wheat germ, toasted, plain",28.35,1.0 oz,5.6 g,45.0 mg,29.1 g,7.8 g,10.7 g,49.6 g,382.0 kcal
"Cereals ready-to-eat, wheat, puffed, fortified",12.0,1.0 cup,3.0 g,28.0 mg,14.7 g,-- g,1.2 g,79.6 g,364.0 kcal
"Cereals, corn grits, white, regular and quick, enriched, cooked with water, with salt",257.0,1.0 cup,82.93 g,1.0 mg,1.71 g,0.12 g,0.46 g,14.76 g,71.0 kcal
"Cereals, corn grits, white, regular and quick, enriched, cooked with water, without salt",257.0,1.0 cup,82.93 g,1.0 mg,1.71 g,0.12 g,0.46 g,14.76 g,71.0 kcal
"Cereals, corn grits, white, regular and quick, enriched, dry",9.7,1.0 tbsp,10.92 g,4.0 mg,7.65 g,0.57 g,1.75 g,79.09 g,370.0 kcal
"Cereals, corn grits, yellow, regular and quick, enriched, cooked with water, without salt",233.0,1.0 cup,84.36 g,1.0 mg,1.23 g,0.09 g,0.39 g,13.86 g,65.0 kcal
"Cereals, corn grits, yellow, regular and quick, enriched, dry",170.0,1.0 cup,11.37 g,4.0 mg,6.72 g,0.55 g,1.49 g,79.91 g,368.0 kcal
"Cereals, corn grits, yellow, regular and quick, unenriched, dry",9.7,1.0 tbsp,10.0 g,2.0 mg,8.8 g,0.64 g,1.2 g,79.6 g,371.0 kcal
"Cereals, corn grits, yellow, regular, quick, enriched, cooked with water, with salt",233.0,1.0 cup,84.36 g,1.0 mg,1.23 g,0.09 g,0.39 g,13.86 g,65.0 kcal
"Cereals, CREAM OF RICE, cooked with water, with salt",244.0,1.0 cup,87.5 g,1.0 mg,0.9 g,0.04 g,0.1 g,11.5 g,52.0 kcal
"Cereals, CREAM OF RICE, cooked with water, without salt",244.0,1.0 cup,87.5 g,1.0 mg,0.9 g,0.04 g,0.1 g,11.4 g,52.0 kcal
"Cereals, CREAM OF RICE, dry",45.0,0.25 cup (1 NLEA serving),10.5 g,5.0 mg,6.3 g,0.3 g,0.5 g,82.4 g,370.0 kcal
"Cereals, CREAM OF WHEAT, 1 minute cook time, cooked with water, microwaved, without salt",237.0,1.0 cup,86.51 g,126.0 mg,1.95 g,2.98 g,0.37 g,10.67 g,55.0 kcal
"Cereals, CREAM OF WHEAT, 1 minute cook time, cooked with water, stove-top, without salt",245.0,1.0 cup,86.4 g,125.0 mg,1.65 g,0.07 g,0.42 g,11.16 g,56.0 kcal
"Cereals, CREAM OF WHEAT, 1 minute cook time, dry",33.0,3.0 tablespoon (1 serving),11.41 g,801.0 mg,11.77 g,0.51 g,1.47 g,72.63 g,359.0 kcal
"Cereals, CREAM OF WHEAT, 2 1/2 minute cook time, cooked with water, microwaved, without salt",231.0,1.0 cup,87.11 g,131.0 mg,1.88 g,0.34 g,0.37 g,10.1 g,52.0 kcal
"Cereals, CREAM OF WHEAT, 2 1/2 minute cook time, cooked with water, stove-top, without salt",244.0,1.0 cup,86.2 g,104.0 mg,1.44 g,0.07 g,0.2 g,11.74 g,56.0 kcal
"Cereals, CREAM OF WHEAT, 2 1/2 minute cook time, dry",33.0,3.0 tablespoon (1 NLEA serving),11.56 g,882.0 mg,11.61 g,0.47 g,1.41 g,71.79 g,355.0 kcal
"Cereals, CREAM OF WHEAT, instant, dry",11.5,1.0 tbsp,10.4 g,357.0 mg,10.6 g,0.4 g,1.4 g,75.5 g,366.0 kcal
"Cereals, CREAM OF WHEAT, instant, prepared with water, without salt",241.0,1.0 cup,84.4 g,64.0 mg,1.84 g,0.07 g,0.24 g,13.08 g,62.0 kcal
"Cereals, CREAM OF WHEAT, regular (10 minute), cooked with water, with salt",251.0,1.0 cup (1 serving),87.14 g,89.0 mg,1.46 g,0.03 g,0.21 g,10.66 g,50.0 kcal
"Cereals, CREAM OF WHEAT, regular (10 minute), cooked with water, without salt",251.0,1.0 cup (1 serving),87.61 g,87.0 mg,1.44 g,0.03 g,0.21 g,10.52 g,50.0 kcal
"Cereals, CREAM OF WHEAT, regular, 10 minute cooking, dry",10.6,1.0 tbsp,10.9 g,606.0 mg,10.5 g,0.2 g,1.5 g,76.5 g,370.0 kcal
"Cereals, farina, enriched, assorted brands including CREAM OF WHEAT, quick (1-3 minutes), cooked with water, without salt",240.0,1.0 cup,86.55 g,97.0 mg,1.82 g,0.76 g,0.34 g,10.92 g,55.0 kcal
"Cereals, farina, enriched, assorted brands including CREAM OF WHEAT, quick (1-3 minutes), dry",11.0,1.0 tbsp,11.08 g,711.0 mg,11.6 g,0.56 g,1.41 g,73.19 g,360.0 kcal
"Cereals, farina, enriched, cooked with water, with salt",233.0,1.0 cup,86.55 g,97.0 mg,1.82 g,0.76 g,0.34 g,10.92 g,53.0 kcal
"Cereals, farina, enriched, cooked with water, without salt",240.0,1.0 cup,86.55 g,97.0 mg,1.82 g,0.76 g,0.34 g,10.92 g,53.0 kcal
"Cereals, farina, unenriched, dry",10.9,1.0 tbsp,10.5 g,14.0 mg,10.6 g,-- g,0.5 g,78.0 g,369.0 kcal
"Cereals, KASHI GO LEAN Hot Cereal, Creamy TRULY VANILLA, dry",40.0,1.0 packet (1 NLEA serving),6.98 g,95.0 mg,22.29 g,14.8 g,5.3 g,61.09 g,360.0 kcal
"Cereals, KASHI GO LEAN Hot Cereal, Hearty Honey &amp; Cinnamon, dry",40.0,1.0 packet (1 NLEA serving),5.9 g,66.0 mg,18.39 g,17.7 g,5.3 g,68.0 g,367.0 kcal
"Cereals, KASHI HEART TO HEART, Instant Oatmeal, Apple Cinnamon, dry",43.0,1.0 packet (1 NLEA serving),8.39 g,47.0 mg,11.1 g,25.0 g,5.0 g,73.8 g,353.0 kcal
"Cereals, KASHI HEART TO HEART, Instant Oatmeal, golden brown maple, dry",43.0,1.0 packet (1 NLEA serving),8.6 g,25.0 mg,11.39 g,23.79 g,5.09 g,73.59 g,356.0 kcal
"Cereals, KELLOGG'S SPECIAL K NOURISH, Cinnamon Raisin Pecan, dry",52.0,1.0 Container (1 NLEA serving),9.19 g,385.0 mg,14.1 g,23.79 g,10.39 g,61.9 g,370.0 kcal
"Cereals, KELLOGG'S SPECIAL K NOURISH, Cranberry Almond, dry",52.0,1.0 Container (1 NLEA serving),8.5 g,385.0 mg,15.0 g,22.39 g,8.39 g,63.29 g,361.0 kcal
"Cereals, KELLOGG'S SPECIAL K NOURISH, Maple Brown Sugar Crunch, dry",52.0,1.0 Container (1 NLEA serving),7.59 g,385.0 mg,15.39 g,22.0 g,9.89 g,62.09 g,371.0 kcal
"Cereals, MALT-O-MEAL, chocolate, dry",35.0,3.0 tbsp (1 NLEA serving),6.69 g,375.0 mg,10.6 g,16.63 g,0.82 g,79.55 g,363.0 kcal
"Cereals, MALT-O-MEAL, chocolate, prepared with water, without salt",268.0,1.0 serving (3 T dry cereal plus 1 cup water),89.15 g,49.0 mg,1.37 g,2.17 g,0.1 g,9.22 g,47.0 kcal
"Cereals, MALT-O-MEAL, Farina Hot Wheat Cereal, dry",35.0,3.0 tbsp (1 NLEA serving),9.69 g,377.0 mg,10.48 g,0.7 g,0.49 g,77.2 g,365.0 kcal
"Cereals, MALT-O-MEAL, Maple &amp; Brown Sugar Hot Wheat Cereal, dry",45.0,0.25 cup (1 NLEA serving),5.9 g,318.0 mg,8.82 g,28.0 g,0.47 g,80.52 g,368.0 kcal
"Cereals, MALT-O-MEAL, original, plain, dry",35.0,3.0 tbsp (1 NLEA serving),10.35 g,286.0 mg,11.8 g,0.0 g,0.7 g,77.25 g,365.0 kcal
"Cereals, MALT-O-MEAL, original, plain, prepared with water, without salt",268.0,1.0 serving (3 T dry cereal plus 1 cup water),88.29 g,37.0 mg,1.67 g,0.13 g,0.09 g,10.09 g,48.0 kcal
"Cereals, oats, instant, fortified, maple and brown sugar, dry",43.0,1.0 packet,6.4 g,258.0 mg,9.25 g,30.28 g,4.73 g,76.67 g,368.0 kcal
"Cereals, oats, instant, fortified, plain, dry",28.0,1.0 packet,8.92 g,351.0 mg,11.92 g,1.5 g,6.9 g,69.52 g,362.0 kcal
"Cereals, oats, instant, fortified, plain, prepared with water (boiling water added or microwaved)",234.0,"1.0 cup, cooked",84.03 g,80.0 mg,2.37 g,0.46 g,1.36 g,11.67 g,68.0 kcal
"Cereals, oats, instant, fortified, with cinnamon and spice, dry",45.0,1.0 packet,6.92 g,234.0 mg,9.53 g,25.33 g,4.84 g,76.08 g,369.0 kcal
"Cereals, oats, instant, fortified, with cinnamon and spice, prepared with water",240.0,1.0 cup,76.74 g,61.0 mg,2.37 g,6.31 g,1.21 g,18.95 g,96.0 kcal
"Cereals, oats, instant, fortified, with raisins and spice, dry",44.0,1.0 packet,8.44 g,228.0 mg,8.45 g,37.14 g,4.03 g,76.33 g,360.0 kcal
"Cereals, oats, instant, fortified, with raisins and spice, prepared with water",240.0,1.0 cup,78.44 g,56.0 mg,1.98 g,8.71 g,0.95 g,17.91 g,88.0 kcal
"Cereals, oats, regular and quick and instant, unenriched, cooked with water (includes boiling and microwaving), with salt",234.0,1.0 cup,83.61 g,9.0 mg,2.54 g,0.27 g,1.52 g,12.0 g,71.0 kcal
"Cereals, oats, regular and quick, not fortified, dry",81.0,1.0 cup,10.84 g,52.0 mg,13.15 g,0.99 g,6.52 g,67.7 g,379.0 kcal
"Cereals, oats, regular and quick, unenriched, cooked with water (includes boiling and microwaving), without salt",234.0,1.0 cup,83.61 g,9.0 mg,2.54 g,0.27 g,1.52 g,12.0 g,71.0 kcal
"Cereals, QUAKER, corn grits, instant, cheddar cheese flavor, dry",28.0,1.0 packet (1 NLEA serving),6.71 g,418.0 mg,8.98 g,2.76 g,5.46 g,72.96 g,363.0 kcal
"Cereals, QUAKER, corn grits, instant, plain, dry",29.0,1.0 packet,7.2 g,378.0 mg,7.31 g,1.51 g,2.14 g,78.42 g,343.0 kcal
"Cereals, QUAKER, corn grits, instant, plain, prepared (microwaved or boiling water added), without salt",219.0,1.0 cup,81.22 g,64.0 mg,1.58 g,0.1 g,0.49 g,15.95 g,74.0 kcal
"Cereals, QUAKER, hominy grits, white, quick, dry",37.0,0.25 cup,10.0 g,2.0 mg,8.8 g,0.3 g,1.2 g,79.6 g,348.0 kcal
"Cereals, QUAKER, hominy grits, white, regular, dry",41.0,0.25 cup (1 NLEA serving),10.0 g,2.0 mg,8.8 g,0.64 g,1.6 g,79.2 g,361.0 kcal
"Cereals, QUAKER, Instant Grits Product with American Cheese Flavor, dry",28.0,1.0 packet (1 NLEA serving),6.8 g,418.0 mg,8.8 g,2.02 g,4.67 g,74.18 g,360.0 kcal
"Cereals, QUAKER, Instant Grits, Butter flavor, dry",28.0,1.0 packet (1 NLEA serving),6.59 g,413.0 mg,8.12 g,0.88 g,5.64 g,74.83 g,369.0 kcal
"Cereals, QUAKER, Instant Grits, Country Bacon flavor, dry",28.0,1.0 packet (1 NLEA serving),7.37 g,418.0 mg,9.93 g,0.38 g,1.73 g,75.39 g,340.0 kcal
"Cereals, QUAKER, Instant Grits, Ham 'n' Cheese flavor, dry",28.0,1.0 packet (1 NLEA serving),6.82 g,409.0 mg,10.73 g,2.69 g,4.68 g,71.08 g,355.0 kcal
"Cereals, QUAKER, Instant Grits, Redeye Gravy &amp; Country Ham flavor, dry",28.0,1.0 packet (1 NLEA serving),7.06 g,441.0 mg,9.83 g,0.71 g,1.58 g,75.86 g,342.0 kcal
"Cereals, QUAKER, Instant Oatmeal Organic, Regular",41.0,1.0 packet,8.8 g,52.0 mg,16.0 g,1.0 g,6.3 g,67.0 g,367.0 kcal
"Cereals, QUAKER, Instant Oatmeal, Apple and Cinnamon, reduced sugar",31.0,1.0 packet (1 NLEA serving),7.94 g,355.0 mg,10.29 g,17.78 g,5.64 g,72.17 g,358.0 kcal
"Cereals, QUAKER, Instant Oatmeal, apples and cinnamon, dry",43.0,1.0 packet (1 NLEA serving),6.62 g,243.0 mg,8.62 g,28.87 g,4.61 g,76.74 g,366.0 kcal
"Cereals, QUAKER, Instant Oatmeal, Banana Bread, dry",41.0,1.0 packet (1 NLEA serving),6.77 g,277.0 mg,8.97 g,29.45 g,4.85 g,75.7 g,368.0 kcal
"Cereals, QUAKER, Instant Oatmeal, Cinnamon Spice, reduced sugar",34.0,1.0 packet (1 NLEA serving),8.45 g,313.0 mg,11.26 g,11.91 g,6.11 g,69.45 g,358.0 kcal
"Cereals, QUAKER, Instant Oatmeal, Cinnamon Swirl, high fiber",45.0,1.0 packet (1 NLEA serving),7.52 g,278.0 mg,8.79 g,14.7 g,4.8 g,75.67 g,366.0 kcal
"Cereals, QUAKER, Instant Oatmeal, Cinnamon-Spice, dry",43.0,1.0 packet (1 NLEA serving),7.37 g,229.0 mg,10.39 g,21.14 g,5.1 g,74.52 g,369.0 kcal
"Cereals, QUAKER, Instant Oatmeal, DINOSAUR EGGS, Brown Sugar, dry",50.0,1.0 packet (1 NLEA serving),6.87 g,220.0 mg,8.69 g,28.91 g,7.59 g,73.68 g,384.0 kcal
"Cereals, QUAKER, Instant Oatmeal, fruit and cream variety, dry",35.0,1.0 packet,6.56 g,307.0 mg,8.3 g,31.27 g,6.37 g,75.42 g,379.0 kcal
"Cereals, QUAKER, Instant Oatmeal, fruit and cream, variety of flavors, reduced sugar",33.0,1.0 packet,7.39 g,246.0 mg,10.16 g,17.66 g,7.46 g,71.57 g,376.0 kcal
"Cereals, QUAKER, Instant Oatmeal, maple and brown sugar, dry",43.0,1.0 packet,6.28 g,226.0 mg,9.2 g,30.02 g,4.63 g,76.91 g,368.0 kcal
"Cereals, QUAKER, Instant Oatmeal, Raisin and Spice, dry",43.0,1.0 packet (1 NLEA serving),8.45 g,235.0 mg,9.11 g,35.65 g,4.0 g,75.68 g,360.0 kcal
"Cereals, QUAKER, Instant Oatmeal, raisins, dates and walnuts, dry",37.0,1.0 packet,8.35 g,297.0 mg,8.82 g,30.85 g,6.98 g,72.41 g,371.0 kcal
"Cereals, QUAKER, Instant Oatmeal, weight control, cinnamon",45.0,1.0 packet (1 NLEA serving),9.09 g,245.0 mg,16.5 g,1.27 g,6.28 g,64.21 g,361.0 kcal
"Cereals, QUAKER, Oat Bran, QUAKER/MOTHER'S Oat Bran, dry",40.0,0.5 cup (1 NLEA serving),8.9 g,79.0 mg,17.03 g,1.43 g,7.97 g,62.94 g,364.0 kcal
"Cereals, QUAKER, oatmeal, REAL MEDLEYS, apple walnut, dry",75.0,1.0 package (1 NLEA serving),7.8 g,57.0 mg,8.18 g,29.36 g,10.36 g,70.53 g,390.0 kcal
"Cereals, QUAKER, oatmeal, REAL MEDLEYS, blueberry hazelnut, dry",70.0,1.0 package (1 NLEA serving),7.47 g,64.0 mg,9.81 g,18.71 g,9.8 g,69.47 g,386.0 kcal
"Cereals, QUAKER, oatmeal, REAL MEDLEYS, cherry pistachio, dry",73.0,1.0 package (1 NLEA serving),6.59 g,132.0 mg,12.02 g,26.34 g,11.02 g,66.73 g,394.0 kcal
"Cereals, QUAKER, oatmeal, REAL MEDLEYS, peach almond, dry",75.0,1.0 package (1 NLEA serving),8.1 g,105.0 mg,10.1 g,24.85 g,9.84 g,68.61 g,387.0 kcal
"Cereals, QUAKER, oatmeal, REAL MEDLEYS, summer berry, dry",70.0,1.0 package (1 NLEA serving),7.57 g,124.0 mg,11.31 g,20.43 g,4.4 g,72.58 g,353.0 kcal
"Cereals, QUAKER, QUAKER MultiGrain Oatmeal, dry",40.0,0.5 cup (1 NLEA serving),10.35 g,36.0 mg,12.64 g,2.46 g,2.73 g,72.62 g,334.0 kcal
"Cereals, QUAKER, Quick Oats with Iron, Dry",40.0,0.5 cup,9.38 g,47.0 mg,13.7 g,1.42 g,6.87 g,68.18 g,371.0 kcal
"Cereals, QUAKER, Quick Oats, Dry",40.0,0.5 cup,9.37 g,47.0 mg,13.7 g,1.42 g,6.87 g,68.18 g,371.0 kcal
"Cereals, QUAKER, Weight Control Instant Oatmeal, banana bread",45.0,1.0 packet (1 NLEA serving),9.04 g,243.0 mg,16.5 g,1.29 g,6.16 g,64.42 g,361.0 kcal
"Cereals, QUAKER, Weight Control Instant Oatmeal, maple and brown sugar",45.0,1.0 packet (1 NLEA serving),9.02 g,268.0 mg,16.37 g,1.25 g,6.2 g,64.25 g,361.0 kcal
"Cereals, QUAKER, Whole Wheat Natural Cereal, dry",40.0,0.5 cup,9.8 g,44.0 mg,11.8 g,-- g,2.0 g,74.8 g,333.0 kcal
"Cereals, ready-to-eat, MALT-O-MEAL, Blueberry Mini SPOONERS",55.0,1.0 cup (1 NLEA serving),4.4 g,33.0 mg,8.81 g,18.44 g,1.92 g,79.4 g,350.0 kcal
"Cereals, WHEATENA, cooked with water",243.0,1.0 cup,85.4 g,80.0 mg,2.0 g,-- g,0.5 g,11.8 g,56.0 kcal
"Cereals, WHEATENA, cooked with water, with salt",243.0,1.0 cup,85.4 g,80.0 mg,2.03 g,0.25 g,0.45 g,11.74 g,59.0 kcal
"Cereals, WHEATENA, dry",40.0,0.33 cup (1 NLEA serving),6.5 g,500.0 mg,13.1 g,1.6 g,2.9 g,75.6 g,357.0 kcal
"Cereals, whole wheat hot natural cereal, cooked with water, with salt",242.0,1.0 cup,83.6 g,7.0 mg,2.0 g,0.08 g,0.4 g,13.7 g,62.0 kcal
"Cereals, whole wheat hot natural cereal, cooked with water, without salt",242.0,1.0 cup,83.6 g,7.0 mg,2.0 g,0.08 g,0.4 g,13.7 g,62.0 kcal
"Cereals, whole wheat hot natural cereal, dry",94.0,1.0 cup,9.9 g,40.0 mg,11.2 g,0.42 g,2.0 g,75.2 g,342.0 kcal
"Incaparina, dry mix (corn and soy flours), unprepared",8.9,1.0 tbsp,7.47 g,600.0 mg,21.75 g,-- g,5.58 g,60.53 g,379.0 kcal
"Millet, puffed",21.0,1.0 cup,2.5 g,8.0 mg,13.0 g,0.55 g,3.4 g,80.0 g,354.0 kcal
