Dairy and Egg Products,Weight,Measure,Protein,Sugars,Fat,Carbohydrate,Calcium,Energy,Water
"Beverage, instant breakfast powder, chocolate, not reconstituted",7.4,1.0 tbsp,7.4 g,285.0 mg,19.9 g,65.8 g,1.4 g,66.2 g,353.0 kcal
"Beverage, instant breakfast powder, chocolate, sugar-free, not reconstituted",5.6,1.0 tbsp,7.4 g,500.0 mg,35.8 g,39.0 g,5.1 g,41.0 g,358.0 kcal
"Beverage, milkshake mix, dry, not chocolate",7.0,1.0 tbsp,12.8 g,880.0 mg,23.5 g,51.3 g,2.6 g,52.9 g,329.0 kcal
"Butter oil, anhydrous",12.8,1.0 tbsp,0.24 g,4.0 mg,0.28 g,-- g,99.48 g,0.0 g,876.0 kcal
"Butter, salted",5.0,"1.0 pat (1"" sq, 1/3"" high)",15.87 g,24.0 mg,0.85 g,-- g,81.11 g,0.06 g,717.0 kcal
"Butter, whipped, with salt",3.8,"1.0 pat (1"" sq, 1/3"" high)",16.72 g,23.0 mg,0.49 g,0.06 g,78.3 g,2.87 g,718.0 kcal
"Butter, without salt",5.0,"1.0 pat (1"" sq, 1/3"" high)",17.94 g,24.0 mg,0.85 g,-- g,81.11 g,0.06 g,717.0 kcal
"Cheese food, cold pack, American",28.35,1.0 oz,43.12 g,497.0 mg,19.66 g,-- g,24.46 g,8.32 g,331.0 kcal
"Cheese food, pasteurized process, American, imitation, without added vitamin D",28.35,1.0 oz,55.5 g,649.0 mg,4.08 g,8.21 g,19.5 g,16.18 g,257.0 kcal
"Cheese food, pasteurized process, American, vitamin D fortified",113.0,1.0 cup,44.0 g,682.0 mg,16.86 g,5.59 g,25.63 g,8.56 g,330.0 kcal
"Cheese food, pasteurized process, American, without added vitamin D",113.0,1.0 cup,44.0 g,682.0 mg,16.86 g,5.59 g,25.63 g,8.56 g,330.0 kcal
"Cheese food, pasteurized process, swiss",28.35,1.0 oz,43.67 g,723.0 mg,21.92 g,-- g,24.14 g,4.5 g,323.0 kcal
"Cheese product, pasteurized process, American, reduced fat, fortified with vitamin D",21.0,1.0 slice 3/4 oz,51.8 g,529.0 mg,17.6 g,8.02 g,14.1 g,10.6 g,240.0 kcal
"Cheese product, pasteurized process, American, vitamin D fortified",19.0,1.0 slice (2/3 oz),45.07 g,1375.0 mg,16.09 g,6.24 g,23.06 g,8.85 g,307.0 kcal
"Cheese product, pasteurized process, cheddar, reduced fat",28.0,1.0 slice 1 oz,51.8 g,529.0 mg,17.6 g,8.02 g,14.1 g,10.6 g,240.0 kcal
"Cheese sauce, prepared from recipe",30.0,2.0 tbsp,66.86 g,311.0 mg,10.33 g,0.19 g,14.92 g,5.48 g,197.0 kcal
"Cheese spread, American or Cheddar cheese base, reduced fat",21.0,1.0 piece,61.82 g,557.0 mg,13.41 g,7.06 g,8.88 g,10.71 g,176.0 kcal
"Cheese spread, cream cheese base",28.35,1.0 oz,58.5 g,71.0 mg,7.1 g,-- g,28.6 g,3.5 g,295.0 kcal
"Cheese spread, pasteurized process, American",140.0,"1.0 cup, diced",47.65 g,562.0 mg,16.41 g,7.32 g,21.23 g,8.73 g,290.0 kcal
"Cheese substitute, mozzarella",113.0,"1.0 cup, shredded",47.36 g,610.0 mg,11.47 g,-- g,12.22 g,23.67 g,248.0 kcal
"Cheese, american cheddar, imitation",21.0,1.0 slice,53.1 g,562.0 mg,16.7 g,7.74 g,14.0 g,11.6 g,239.0 kcal
"Cheese, American, nonfat or fat free",19.0,1.0 serving,65.47 g,789.0 mg,21.05 g,5.26 g,0.0 g,10.53 g,126.0 kcal
"Cheese, blue",28.35,1.0 oz,42.41 g,528.0 mg,21.4 g,0.5 g,28.74 g,2.34 g,353.0 kcal
"Cheese, brick",132.0,"1.0 cup, diced",41.11 g,674.0 mg,23.24 g,0.51 g,29.68 g,2.79 g,371.0 kcal
"Cheese, brie",28.35,1.0 oz,48.42 g,184.0 mg,20.75 g,-- g,27.68 g,0.45 g,334.0 kcal
"Cheese, camembert",28.35,1.0 oz,51.8 g,388.0 mg,19.8 g,-- g,24.26 g,0.46 g,300.0 kcal
"Cheese, caraway",28.35,1.0 oz,39.28 g,673.0 mg,25.18 g,-- g,29.2 g,3.06 g,376.0 kcal
"Cheese, cheddar",132.0,"1.0 cup, diced",37.02 g,710.0 mg,22.87 g,0.48 g,33.31 g,3.09 g,404.0 kcal
"Cheese, cheddar, nonfat or fat free",28.0,1.0 serving,57.0 g,893.0 mg,32.14 g,-- g,0.0 g,7.14 g,157.0 kcal
"Cheese, cheddar, reduced fat",21.0,1.0 slice,44.29 g,761.0 mg,27.35 g,0.26 g,20.41 g,4.06 g,309.0 kcal
"Cheese, cheddar, sharp, sliced",19.0,1.0 slice (2/3 oz),36.15 g,711.0 mg,24.25 g,0.27 g,33.82 g,2.13 g,410.0 kcal
"Cheese, cheshire",28.35,1.0 oz,37.65 g,643.0 mg,23.37 g,-- g,30.6 g,4.78 g,387.0 kcal
"Cheese, colby",132.0,"1.0 cup, diced",38.2 g,685.0 mg,23.76 g,0.52 g,32.11 g,2.57 g,394.0 kcal
"Cheese, cottage, creamed, large or small curd",113.0,4.0 oz,79.79 g,83.0 mg,11.12 g,2.67 g,4.3 g,3.38 g,98.0 kcal
"Cheese, cottage, creamed, with fruit",113.0,4.0 oz,79.64 g,53.0 mg,10.69 g,2.38 g,3.85 g,4.61 g,97.0 kcal
"Cheese, cottage, lowfat, 1% milkfat",113.0,4.0 oz,82.48 g,61.0 mg,12.39 g,-- g,1.02 g,2.72 g,72.0 kcal
"Cheese, cottage, lowfat, 1% milkfat, lactose reduced",113.0,4.0 oz,82.5 g,53.0 mg,12.4 g,2.6 g,1.0 g,3.2 g,74.0 kcal
"Cheese, cottage, lowfat, 1% milkfat, no sodium added",113.0,4.0 oz,83.5 g,61.0 mg,12.4 g,-- g,1.0 g,2.7 g,72.0 kcal
"Cheese, cottage, lowfat, 1% milkfat, with vegetables",113.0,4.0 oz,83.5 g,56.0 mg,10.9 g,-- g,1.0 g,3.0 g,67.0 kcal
"Cheese, cottage, lowfat, 2% milkfat",113.0,4.0 oz,81.24 g,111.0 mg,10.45 g,4.0 g,2.27 g,4.76 g,81.0 kcal
"Cheese, cottage, nonfat, uncreamed, dry, large or small curd",145.0,1.0 cup (not packed),81.01 g,86.0 mg,10.34 g,1.85 g,0.29 g,6.66 g,72.0 kcal
"Cheese, cottage, with vegetables",113.0,4.0 oz,80.3 g,56.0 mg,10.9 g,0.37 g,4.2 g,3.0 g,95.0 kcal
"Cheese, cream",14.5,1.0 tbsp,52.62 g,97.0 mg,6.15 g,3.76 g,34.44 g,5.52 g,350.0 kcal
"Cheese, cream, fat free",18.0,1.0 tbsp,71.87 g,351.0 mg,15.69 g,5.48 g,1.0 g,7.66 g,105.0 kcal
"Cheese, cream, low fat",15.0,1.0 tbsp,66.72 g,148.0 mg,7.85 g,5.82 g,15.28 g,8.13 g,201.0 kcal
"Cheese, dry white, queso seco",97.0,1.0 cup grated,42.17 g,661.0 mg,24.51 g,0.55 g,24.35 g,2.04 g,325.0 kcal
"Cheese, edam",28.35,1.0 oz,41.56 g,731.0 mg,24.99 g,-- g,27.8 g,1.43 g,357.0 kcal
"Cheese, feta",150.0,"1.0 cup, crumbled",55.22 g,493.0 mg,14.21 g,-- g,21.28 g,4.09 g,264.0 kcal
"Cheese, fontina",132.0,"1.0 cup, diced",37.92 g,550.0 mg,25.6 g,-- g,31.14 g,1.55 g,389.0 kcal
"Cheese, fresh, queso fresco",122.0,"1.0 cup, crumbled",51.42 g,566.0 mg,18.09 g,2.32 g,23.82 g,2.98 g,299.0 kcal
"Cheese, gjetost",28.35,1.0 oz,13.44 g,400.0 mg,9.65 g,-- g,29.51 g,42.65 g,466.0 kcal
"Cheese, goat, hard type",28.35,1.0 oz,29.01 g,895.0 mg,30.52 g,-- g,35.59 g,2.17 g,452.0 kcal
"Cheese, goat, semisoft type",28.35,1.0 oz,45.52 g,298.0 mg,21.58 g,-- g,29.84 g,0.12 g,364.0 kcal
"Cheese, goat, soft type",28.35,1.0 oz,60.75 g,140.0 mg,18.52 g,-- g,21.08 g,0.0 g,264.0 kcal
"Cheese, gouda",28.35,1.0 oz,41.46 g,700.0 mg,24.94 g,-- g,27.44 g,2.22 g,356.0 kcal
"Cheese, gruyere",28.35,1.0 oz,33.19 g,1011.0 mg,29.81 g,-- g,32.34 g,0.36 g,413.0 kcal
"Cheese, limburger",134.0,1.0 cup,48.42 g,497.0 mg,20.05 g,-- g,27.25 g,0.49 g,327.0 kcal
"Cheese, low fat, cheddar or colby",132.0,"1.0 cup, diced",63.1 g,415.0 mg,24.35 g,0.52 g,7.0 g,1.91 g,173.0 kcal
"Cheese, low-sodium, cheddar or colby",132.0,"1.0 cup, diced",38.98 g,703.0 mg,24.35 g,0.49 g,32.62 g,1.91 g,398.0 kcal
"Cheese, Mexican blend",28.0,0.25 cup shredded,42.48 g,659.0 mg,23.54 g,1.23 g,28.51 g,1.75 g,358.0 kcal
"Cheese, Mexican, blend, reduced fat",28.35,1.0 oz,48.2 g,1146.0 mg,24.69 g,0.56 g,19.4 g,3.41 g,282.0 kcal
"Cheese, mexican, queso anejo",132.0,"1.0 cup, crumbled",38.06 g,680.0 mg,21.44 g,-- g,29.98 g,4.63 g,373.0 kcal
"Cheese, mexican, queso asadero",132.0,"1.0 cup, diced",42.16 g,661.0 mg,22.6 g,-- g,28.26 g,2.87 g,356.0 kcal
"Cheese, mexican, queso chihuahua",132.0,"1.0 cup, diced",39.13 g,651.0 mg,21.56 g,-- g,29.68 g,5.56 g,374.0 kcal
"Cheese, mexican, queso cotija",5.0,2.0 tsp,38.0 g,800.0 mg,20.0 g,0.0 g,30.0 g,3.97 g,366.0 kcal
"Cheese, monterey",132.0,"1.0 cup, diced",41.01 g,746.0 mg,24.48 g,0.5 g,30.28 g,0.68 g,373.0 kcal
"Cheese, monterey, low fat",132.0,"1.0 cup, diced",46.0 g,705.0 mg,28.2 g,0.56 g,21.6 g,0.7 g,313.0 kcal
"Cheese, mozzarella, low moisture, part-skim",132.0,"1.0 cup, diced",47.07 g,697.0 mg,23.75 g,1.9 g,19.78 g,5.58 g,295.0 kcal
"Cheese, mozzarella, low moisture, part-skim, shredded",86.0,1.0 cup,44.81 g,716.0 mg,23.63 g,2.24 g,19.72 g,8.06 g,304.0 kcal
"Cheese, mozzarella, low sodium",132.0,"1.0 cup, diced",49.9 g,731.0 mg,27.5 g,1.23 g,17.1 g,3.1 g,280.0 kcal
"Cheese, mozzarella, nonfat",113.0,"1.0 cup, shredded",60.2 g,961.0 mg,31.7 g,1.48 g,0.0 g,3.5 g,141.0 kcal
"Cheese, mozzarella, part skim milk",28.35,1.0 oz,53.78 g,782.0 mg,24.26 g,1.13 g,15.92 g,2.77 g,254.0 kcal
"Cheese, mozzarella, whole milk",112.0,"1.0 cup, shredded",50.01 g,505.0 mg,22.17 g,1.03 g,22.35 g,2.19 g,300.0 kcal
"Cheese, mozzarella, whole milk, low moisture",28.35,1.0 oz,48.38 g,575.0 mg,21.6 g,1.01 g,24.64 g,2.47 g,318.0 kcal
"Cheese, muenster",132.0,"1.0 cup, diced",41.77 g,717.0 mg,23.41 g,-- g,30.04 g,1.12 g,368.0 kcal
"Cheese, muenster, low fat",113.0,"1.0 cup, shredded",50.5 g,529.0 mg,24.7 g,-- g,17.6 g,3.5 g,271.0 kcal
"Cheese, neufchatel",28.35,1.0 oz,63.11 g,117.0 mg,9.15 g,3.19 g,22.78 g,3.59 g,253.0 kcal
"Cheese, parmesan, dry grated, reduced fat",100.0,1.0 cup,50.6 g,1109.0 mg,20.0 g,0.0 g,-- g,1.37 g,265.0 kcal
"Cheese, parmesan, grated",100.0,1.0 cup,22.65 g,853.0 mg,28.42 g,0.07 g,27.84 g,13.91 g,420.0 kcal
"Cheese, parmesan, hard",28.35,1.0 oz,29.16 g,1184.0 mg,35.75 g,0.8 g,25.83 g,3.22 g,392.0 kcal
"Cheese, parmesan, low sodium",100.0,"1.0 cup, grated",22.2 g,800.0 mg,41.6 g,0.85 g,29.99 g,3.7 g,451.0 kcal
"Cheese, parmesan, shredded",5.0,1.0 tbsp,25.0 g,1253.0 mg,37.86 g,0.9 g,27.34 g,3.41 g,415.0 kcal
"Cheese, pasteurized process, American, fortified with vitamin D",28.35,1.0 oz,39.61 g,1045.0 mg,18.13 g,2.26 g,30.71 g,4.78 g,366.0 kcal
"Cheese, pasteurized process, American, low fat",140.0,"1.0 cup, diced",58.9 g,684.0 mg,24.6 g,0.59 g,7.0 g,3.5 g,180.0 kcal
"Cheese, pasteurized process, American, without added vitamin D",28.35,1.0 oz,39.61 g,1045.0 mg,18.13 g,2.26 g,31.79 g,3.7 g,371.0 kcal
"Cheese, pasteurized process, cheddar or American, fat-free",16.0,1.0 cubic inch,56.9 g,689.0 mg,22.5 g,9.95 g,0.8 g,13.4 g,148.0 kcal
"Cheese, pasteurized process, cheddar or American, low sodium",140.0,"1.0 cup, diced",42.8 g,616.0 mg,22.2 g,0.45 g,31.19 g,1.6 g,376.0 kcal
"Cheese, pasteurized process, pimento",140.0,"1.0 cup, diced",39.08 g,614.0 mg,22.13 g,0.62 g,31.2 g,1.73 g,375.0 kcal
"Cheese, pasteurized process, swiss",140.0,"1.0 cup, diced",42.31 g,772.0 mg,24.73 g,1.23 g,25.01 g,2.1 g,334.0 kcal
"Cheese, pasteurized process, swiss, low fat",140.0,"1.0 cup, diced",59.1 g,684.0 mg,25.5 g,1.35 g,5.1 g,4.3 g,165.0 kcal
"Cheese, port de salut",132.0,"1.0 cup, diced",45.45 g,650.0 mg,23.78 g,-- g,28.2 g,0.57 g,352.0 kcal
"Cheese, provolone",132.0,"1.0 cup, diced",40.95 g,756.0 mg,25.58 g,0.56 g,26.62 g,2.14 g,351.0 kcal
"Cheese, provolone, reduced fat",132.0,"1.0 cup, diced",50.6 g,756.0 mg,24.7 g,0.55 g,17.6 g,3.5 g,274.0 kcal
"Cheese, ricotta, part skim milk",124.0,0.5 cup,74.41 g,272.0 mg,11.39 g,0.31 g,7.91 g,5.14 g,138.0 kcal
"Cheese, ricotta, whole milk",124.0,0.5 cup,71.7 g,207.0 mg,11.26 g,0.27 g,12.98 g,3.04 g,174.0 kcal
"Cheese, romano",28.35,1.0 oz,30.91 g,1064.0 mg,31.8 g,0.73 g,26.94 g,3.63 g,387.0 kcal
"Cheese, roquefort",28.35,1.0 oz,39.38 g,662.0 mg,21.54 g,-- g,30.64 g,2.0 g,369.0 kcal
"Cheese, swiss",132.0,"1.0 cup, diced",37.63 g,890.0 mg,26.96 g,0.0 g,30.99 g,1.44 g,393.0 kcal
"Cheese, swiss, low fat",28.0,1.0 slice (1 oz),59.6 g,961.0 mg,28.4 g,1.33 g,5.1 g,3.4 g,179.0 kcal
"Cheese, swiss, low sodium",28.0,1.0 slice,37.8 g,961.0 mg,28.4 g,1.31 g,27.4 g,3.4 g,374.0 kcal
"Cheese, Swiss, nonfat or fat free",28.0,1.0 serving,63.6 g,961.0 mg,28.4 g,1.33 g,0.0 g,3.4 g,127.0 kcal
"Cheese, tilsit",28.35,1.0 oz,42.86 g,700.0 mg,24.41 g,-- g,25.98 g,1.88 g,340.0 kcal
"Cheese, white, queso blanco",118.0,"1.0 cup, crumbled",48.7 g,690.0 mg,20.38 g,1.76 g,24.31 g,2.53 g,310.0 kcal
"Cream substitute, flavored, liquid",15.0,1.0 tbsp,50.06 g,6.0 mg,0.69 g,33.04 g,13.5 g,35.07 g,251.0 kcal
"Cream substitute, flavored, powdered",12.0,4.0 tsp,1.52 g,5.0 mg,0.68 g,58.01 g,21.47 g,75.42 g,482.0 kcal
"Cream substitute, liquid, light",30.0,1.0 fl oz,86.2 g,1.0 mg,0.8 g,-- g,3.5 g,9.1 g,71.0 kcal
"Cream substitute, liquid, with hydrogenated vegetable oil and soy protein",15.0,"1.0 container, individual",77.27 g,9.0 mg,1.0 g,-- g,9.97 g,11.38 g,136.0 kcal
"Cream substitute, liquid, with lauric acid oil and sodium caseinate",15.0,"1.0 container, individual",77.27 g,9.0 mg,1.0 g,-- g,9.97 g,11.38 g,136.0 kcal
"Cream substitute, powdered",94.0,1.0 cup,2.98 g,2.0 mg,2.48 g,7.77 g,32.92 g,59.29 g,529.0 kcal
"Cream substitute, powdered, light",94.0,1.0 cup,6.2 g,1.0 mg,1.9 g,-- g,15.7 g,73.4 g,431.0 kcal
"Cream, fluid, half and half",30.2,1.0 fl oz,81.24 g,107.0 mg,3.13 g,4.13 g,10.39 g,4.73 g,123.0 kcal
"Cream, fluid, heavy whipping",120.0,"1.0 cup, whipped",57.81 g,66.0 mg,2.84 g,2.92 g,36.08 g,2.74 g,340.0 kcal
"Cream, fluid, light (coffee cream or table cream)",30.0,1.0 fl oz,74.51 g,91.0 mg,2.96 g,3.67 g,19.1 g,2.82 g,191.0 kcal
"Cream, fluid, light whipping",120.0,"1.0 cup, whipped",63.5 g,69.0 mg,2.17 g,-- g,30.91 g,2.96 g,292.0 kcal
"Cream, half and half, fat free",29.0,2.0 tbsp,86.0 g,96.0 mg,2.6 g,5.0 g,1.4 g,9.0 g,59.0 kcal
"Cream, sour, cultured",12.0,1.0 tbsp,73.07 g,101.0 mg,2.44 g,3.41 g,19.35 g,4.63 g,198.0 kcal
"Cream, sour, reduced fat, cultured",15.0,1.0 tbsp,80.14 g,104.0 mg,2.94 g,0.16 g,12.0 g,4.26 g,135.0 kcal
"Cream, whipped, cream topping, pressurized",60.0,1.0 cup,61.33 g,101.0 mg,3.2 g,8.0 g,22.22 g,12.49 g,257.0 kcal
"Dessert topping, powdered",43.0,1.5 oz,1.47 g,17.0 mg,4.9 g,-- g,39.92 g,52.54 g,577.0 kcal
"Dessert topping, powdered, 1.5 ounce prepared with 1/2 cup milk",80.0,1.0 cup,65.74 g,90.0 mg,3.61 g,-- g,12.72 g,17.13 g,194.0 kcal
"Dessert topping, pressurized",70.0,1.0 cup,60.37 g,5.0 mg,0.98 g,-- g,22.3 g,16.07 g,264.0 kcal
"Dessert topping, semi solid, frozen",75.0,1.0 cup,50.21 g,6.0 mg,1.25 g,-- g,25.31 g,23.05 g,318.0 kcal
Dulce de Leche,19.0,1.0 tbsp,28.71 g,251.0 mg,6.84 g,49.74 g,7.35 g,55.35 g,315.0 kcal
"Egg Mix, USDA Commodity",8.6,1.0 tbsp,2.78 g,171.0 mg,35.6 g,2.46 g,34.5 g,23.97 g,555.0 kcal
"Egg substitute, liquid or frozen, fat free",60.0,0.25 cup,87.0 g,73.0 mg,10.0 g,-- g,0.0 g,2.0 g,48.0 kcal
"Egg substitute, powder",9.9,0.35 oz,3.86 g,326.0 mg,55.5 g,-- g,13.0 g,21.8 g,444.0 kcal
"Egg, duck, whole, fresh, raw",70.0,1.0 egg,70.83 g,64.0 mg,12.81 g,0.93 g,13.77 g,1.45 g,185.0 kcal
"Egg, goose, whole, fresh, raw",144.0,1.0 egg,70.43 g,60.0 mg,13.87 g,0.94 g,13.27 g,1.35 g,185.0 kcal
"Egg, quail, whole, fresh, raw",9.0,1.0 egg,74.35 g,64.0 mg,13.05 g,0.4 g,11.09 g,0.41 g,158.0 kcal
"Egg, turkey, whole, fresh, raw",79.0,1.0 egg,72.5 g,99.0 mg,13.68 g,-- g,11.88 g,1.15 g,171.0 kcal
"Egg, white, dried",28.0,1.0 oz,5.8 g,62.0 mg,81.1 g,5.4 g,0.0 g,7.8 g,382.0 kcal
"Egg, white, dried, flakes, stabilized, glucose reduced",28.35,1.0 oz,14.62 g,83.0 mg,76.92 g,0.0 g,0.04 g,4.17 g,351.0 kcal
"Egg, white, dried, powder, stabilized, glucose reduced",107.0,"1.0 cup, sifted",8.54 g,89.0 mg,82.4 g,0.0 g,0.04 g,4.47 g,376.0 kcal
"Egg, white, dried, stabilized, glucose reduced",107.0,"1.0 cup, sifted",5.48 g,101.0 mg,84.08 g,0.0 g,0.32 g,4.51 g,357.0 kcal
"Egg, white, raw, fresh",33.0,1.0 large,87.57 g,7.0 mg,10.9 g,0.71 g,0.17 g,0.73 g,52.0 kcal
"Egg, white, raw, frozen, pasteurized",28.0,1.0 oz,88.17 g,8.0 mg,10.2 g,0.25 g,0.0 g,1.04 g,48.0 kcal
"Egg, whole, cooked, fried",46.0,1.0 large,69.47 g,62.0 mg,13.61 g,0.4 g,14.84 g,0.83 g,196.0 kcal
"Egg, whole, cooked, hard-boiled",136.0,"1.0 cup, chopped",74.62 g,50.0 mg,12.58 g,-- g,10.61 g,1.12 g,155.0 kcal
"Egg, whole, cooked, omelet",15.0,1.0 tbsp,76.13 g,48.0 mg,10.57 g,0.31 g,11.66 g,0.64 g,154.0 kcal
"Egg, whole, cooked, poached",50.0,1.0 large,75.85 g,56.0 mg,12.51 g,0.37 g,9.47 g,0.71 g,143.0 kcal
"Egg, whole, cooked, scrambled",61.0,1.0 large,76.4 g,66.0 mg,9.99 g,1.39 g,10.98 g,1.61 g,149.0 kcal
"Egg, whole, dried",85.0,"1.0 cup, sifted",2.78 g,244.0 mg,48.05 g,0.56 g,43.9 g,1.13 g,592.0 kcal
"Egg, whole, dried, stabilized, glucose reduced",85.0,"1.0 cup, sifted",1.87 g,222.0 mg,48.17 g,-- g,43.95 g,2.38 g,615.0 kcal
"Egg, whole, raw, fresh",50.0,1.0 large,76.15 g,56.0 mg,12.56 g,0.37 g,9.51 g,0.72 g,143.0 kcal
"Egg, whole, raw, frozen, pasteurized",28.0,1.0 oz,75.81 g,62.0 mg,12.33 g,0.25 g,9.95 g,1.01 g,147.0 kcal
"Egg, whole, raw, frozen, salted, pasteurized",28.0,1.0 oz,67.83 g,55.0 mg,10.97 g,0.07 g,10.07 g,0.83 g,138.0 kcal
"Egg, yolk, dried",67.0,"1.0 cup, sifted",3.08 g,289.0 mg,33.63 g,0.23 g,59.13 g,0.66 g,669.0 kcal
"Egg, yolk, raw, fresh",17.0,1.0 large,52.31 g,129.0 mg,15.86 g,0.56 g,26.54 g,3.59 g,322.0 kcal
"Egg, yolk, raw, frozen, pasteurized",28.35,1.0 oz,56.44 g,134.0 mg,15.53 g,0.16 g,25.6 g,0.81 g,296.0 kcal
"Egg, yolk, raw, frozen, salted, pasteurized",28.35,1.0 oz,50.87 g,113.0 mg,14.07 g,0.07 g,22.93 g,1.77 g,275.0 kcal
"Egg, yolk, raw, frozen, sugared, pasteurized",28.35,1.0 oz,51.23 g,124.0 mg,13.87 g,10.3 g,22.82 g,10.95 g,307.0 kcal
Eggnog,254.0,1.0 cup,82.54 g,130.0 mg,4.55 g,-- g,4.19 g,8.05 g,88.0 kcal
"Eggs, scrambled, frozen mixture",28.35,1.0 oz,72.7 g,17.0 mg,13.1 g,-- g,5.6 g,7.5 g,131.0 kcal
"Fat free ice cream, no sugar added, flavors other than chocolate",68.0,0.5 cup,65.52 g,147.0 mg,4.41 g,8.82 g,0.0 g,27.94 g,129.0 kcal
"Ice cream bar, stick or nugget, with crunch coating",95.0,26.0 pieces,35.48 g,63.0 mg,2.11 g,21.05 g,25.26 g,37.12 g,358.0 kcal
"Ice cream cone, chocolate covered, with nuts, flavors other than chocolate",96.0,1.0 unit,37.43 g,63.0 mg,5.21 g,25.0 g,21.88 g,34.38 g,354.0 kcal
Ice cream cookie sandwich,82.0,1.0 serving,48.7 g,73.0 mg,3.7 g,21.3 g,7.4 g,39.6 g,240.0 kcal
Ice cream sandwich,70.0,1.0 serving,48.9 g,86.0 mg,4.29 g,18.57 g,8.57 g,37.14 g,237.0 kcal
"Ice cream sandwich, made with light ice cream, vanilla",70.0,1.0 serving,52.63 g,30.0 mg,4.29 g,17.86 g,3.04 g,39.64 g,186.0 kcal
"Ice cream sandwich, vanilla, light, no sugar added",70.0,1.0 serving,48.13 g,86.0 mg,5.71 g,6.58 g,2.86 g,42.86 g,200.0 kcal
"Ice cream, bar or stick, chocolate covered",50.0,1.0 bar,46.3 g,119.0 mg,4.1 g,18.3 g,24.1 g,24.5 g,331.0 kcal
"Ice cream, light, soft serve, chocolate",298.0,1.0 medium,68.92 g,134.0 mg,3.36 g,19.46 g,3.69 g,23.15 g,141.0 kcal
"Ice cream, soft serve, chocolate",86.0,0.5 cup,59.8 g,131.0 mg,4.1 g,21.16 g,13.0 g,22.2 g,222.0 kcal
"Imitation cheese, american or cheddar, low cholesterol",113.0,"1.0 cup, shredded",38.0 g,705.0 mg,25.0 g,-- g,32.0 g,1.0 g,390.0 kcal
KRAFT BREAKSTONE'S FREE Fat Free Sour Cream,32.0,2.0 tbsp,77.7 g,141.0 mg,4.7 g,7.2 g,1.3 g,15.1 g,91.0 kcal
KRAFT BREAKSTONE'S Reduced Fat Sour Cream,31.0,2.0 tbsp,76.2 g,161.0 mg,4.5 g,6.4 g,12.0 g,6.5 g,152.0 kcal
KRAFT CHEEZ WHIZ LIGHT Pasteurized Process Cheese Product,35.0,2.0 tbsp,51.5 g,418.0 mg,16.3 g,8.2 g,9.5 g,16.2 g,215.0 kcal
KRAFT CHEEZ WHIZ Pasteurized Process Cheese Sauce,33.0,2.0 tbsp,51.5 g,359.0 mg,12.0 g,6.7 g,21.0 g,9.2 g,276.0 kcal
KRAFT FREE Singles American Nonfat Pasteurized Process Cheese Product,21.0,1.0 slice,58.0 g,712.0 mg,22.7 g,6.7 g,1.0 g,11.7 g,148.0 kcal
KRAFT VELVEETA LIGHT Reduced Fat Pasteurized Process Cheese Product,28.0,1.0 oz,51.3 g,574.0 mg,19.6 g,8.5 g,10.6 g,11.8 g,222.0 kcal
KRAFT VELVEETA Pasteurized Process Cheese Spread,28.0,1.0 oz,45.8 g,466.0 mg,16.3 g,8.1 g,22.0 g,9.8 g,303.0 kcal
"Milk dessert bar, frozen, made from lowfat milk",68.0,1.0 bar,61.43 g,184.0 mg,4.41 g,22.06 g,1.47 g,33.09 g,147.0 kcal
"Milk shakes, thick chocolate",28.4,1.0 fl oz,72.2 g,132.0 mg,3.05 g,20.85 g,2.7 g,21.15 g,119.0 kcal
"Milk shakes, thick vanilla",28.4,1.0 fl oz,74.45 g,146.0 mg,3.86 g,-- g,3.03 g,17.75 g,112.0 kcal
"Milk substitutes, fluid, with lauric acid oil",244.0,1.0 cup,88.18 g,33.0 mg,1.75 g,-- g,3.41 g,6.16 g,61.0 kcal
"Milk, buttermilk, dried",30.0,0.25 cup,2.97 g,1184.0 mg,34.3 g,-- g,5.78 g,49.0 g,387.0 kcal
"Milk, buttermilk, fluid, cultured, lowfat",245.0,1.0 cup,90.13 g,116.0 mg,3.31 g,-- g,0.88 g,4.79 g,40.0 kcal
"Milk, buttermilk, fluid, cultured, reduced fat",245.0,1.0 cup,87.7 g,143.0 mg,4.1 g,-- g,2.0 g,5.3 g,56.0 kcal
"Milk, buttermilk, fluid, whole",245.0,1.0 cup,87.91 g,115.0 mg,3.21 g,-- g,3.31 g,4.88 g,62.0 kcal
"Milk, canned, condensed, sweetened",38.2,1.0 fl oz,27.16 g,284.0 mg,7.91 g,-- g,8.7 g,54.4 g,321.0 kcal
"Milk, canned, evaporated, nonfat, with added vitamin A and vitamin D",31.9,1.0 fl oz,79.4 g,290.0 mg,7.55 g,-- g,0.2 g,11.35 g,78.0 kcal
"Milk, canned, evaporated, with added vitamin A",31.5,1.0 fl oz,74.04 g,261.0 mg,6.81 g,-- g,7.56 g,10.04 g,134.0 kcal
"Milk, canned, evaporated, with added vitamin D and without added vitamin A",31.5,1.0 fl oz,74.04 g,261.0 mg,6.81 g,-- g,7.56 g,10.04 g,134.0 kcal
"Milk, canned, evaporated, without added vitamin A and vitamin D",252.0,1.0 cup,74.04 g,261.0 mg,6.81 g,-- g,7.56 g,10.04 g,135.0 kcal
"Milk, chocolate beverage, hot cocoa, homemade",250.0,1.0 cup,82.45 g,114.0 mg,3.52 g,9.66 g,2.34 g,10.74 g,77.0 kcal
"Milk, chocolate, fluid, commercial, reduced fat, with added calcium",250.0,1.0 cup,82.17 g,194.0 mg,2.99 g,9.55 g,1.9 g,12.13 g,78.0 kcal
"Milk, chocolate, fluid, commercial, reduced fat, with added vitamin A and vitamin D",250.0,1.0 cup,82.17 g,109.0 mg,2.99 g,9.55 g,1.9 g,12.13 g,76.0 kcal
"Milk, chocolate, fluid, commercial, whole, with added vitamin A and vitamin D",250.0,1.0 cup,82.3 g,112.0 mg,3.17 g,9.54 g,3.39 g,10.34 g,83.0 kcal
"Milk, chocolate, lowfat, with added vitamin A and vitamin D",250.0,1.0 cup,84.91 g,129.0 mg,3.46 g,9.94 g,1.0 g,9.86 g,62.0 kcal
"Milk, dry, nonfat, calcium reduced",28.35,1.0 oz,4.9 g,280.0 mg,35.5 g,-- g,0.2 g,51.8 g,354.0 kcal
"Milk, dry, nonfat, instant, with added vitamin A and vitamin D",68.0,1.0 cup,3.96 g,1231.0 mg,35.1 g,-- g,0.72 g,52.19 g,358.0 kcal
"Milk, dry, nonfat, instant, without added vitamin A and vitamin D",68.0,1.0 cup,3.96 g,1231.0 mg,35.1 g,-- g,0.72 g,52.19 g,358.0 kcal
"Milk, dry, nonfat, regular, with added vitamin A and vitamin D",30.0,0.25 cup,3.16 g,1257.0 mg,36.16 g,-- g,0.77 g,51.98 g,362.0 kcal
"Milk, dry, nonfat, regular, without added vitamin A and vitamin D",30.0,0.25 cup,3.16 g,1257.0 mg,36.16 g,-- g,0.77 g,51.98 g,362.0 kcal
"Milk, dry, whole, with added vitamin D",32.0,0.25 cup,2.47 g,912.0 mg,26.32 g,-- g,26.71 g,38.42 g,496.0 kcal
"Milk, dry, whole, without added vitamin D",128.0,1.0 cup,2.47 g,912.0 mg,26.32 g,-- g,26.71 g,38.42 g,496.0 kcal
"Milk, evaporated, 2% fat, with added vitamin A and vitamin D",252.0,1.0 cup,74.04 g,267.0 mg,6.67 g,-- g,2.0 g,15.74 g,107.0 kcal
"Milk, filled, fluid, with blend of hydrogenated vegetable oils",244.0,1.0 cup,87.67 g,128.0 mg,3.33 g,-- g,3.46 g,4.74 g,63.0 kcal
"Milk, filled, fluid, with lauric acid oil",244.0,1.0 cup,87.73 g,128.0 mg,3.33 g,-- g,3.4 g,4.74 g,63.0 kcal
"Milk, fluid, 1% fat, without added vitamin A and vitamin D",244.0,1.0 cup,89.92 g,125.0 mg,3.37 g,5.2 g,0.97 g,4.99 g,42.0 kcal
"Milk, fluid, nonfat, calcium fortified (fat free or skim)",247.0,1.0 cup,90.8 g,204.0 mg,3.4 g,-- g,0.18 g,4.85 g,35.0 kcal
"Milk, goat, fluid, with added vitamin D",30.5,1.0 fl oz,87.03 g,134.0 mg,3.56 g,-- g,4.14 g,4.45 g,69.0 kcal
"Milk, human, mature, fluid",30.8,1.0 fl oz,87.5 g,32.0 mg,1.03 g,-- g,4.38 g,6.89 g,70.0 kcal
"Milk, imitation, non-soy",244.0,1.0 cup,90.0 g,82.0 mg,1.6 g,-- g,2.0 g,5.3 g,46.0 kcal
"Milk, indian buffalo, fluid",244.0,1.0 cup,83.39 g,169.0 mg,3.75 g,-- g,6.89 g,5.18 g,97.0 kcal
"Milk, low sodium, fluid",244.0,1.0 cup,88.2 g,101.0 mg,3.1 g,-- g,3.46 g,4.46 g,61.0 kcal
"Milk, lowfat, fluid, 1% milkfat, protein fortified, with added vitamin A and vitamin D",246.0,1.0 cup,88.74 g,142.0 mg,3.93 g,-- g,1.17 g,5.52 g,48.0 kcal
"Milk, lowfat, fluid, 1% milkfat, with added nonfat milk solids, vitamin A and vitamin D",245.0,1.0 cup,89.81 g,128.0 mg,3.48 g,-- g,0.97 g,4.97 g,43.0 kcal
"Milk, lowfat, fluid, 1% milkfat, with added vitamin A and vitamin D",244.0,1.0 cup,89.92 g,125.0 mg,3.37 g,5.2 g,0.97 g,4.99 g,42.0 kcal
"Milk, nonfat, fluid, protein fortified, with added vitamin A and vitamin D (fat free and skim)",246.0,1.0 cup,89.36 g,143.0 mg,3.96 g,-- g,0.25 g,5.56 g,41.0 kcal
"Milk, nonfat, fluid, with added nonfat milk solids, vitamin A and vitamin D (fat free or skim)",245.0,1.0 cup,90.38 g,129.0 mg,3.57 g,-- g,0.25 g,5.02 g,37.0 kcal
"Milk, nonfat, fluid, with added vitamin A and vitamin D (fat free or skim)",245.0,1.0 cup,90.84 g,122.0 mg,3.37 g,5.09 g,0.08 g,4.96 g,34.0 kcal
"Milk, nonfat, fluid, without added vitamin A and vitamin D (fat free or skim)",245.0,1.0 cup,90.84 g,122.0 mg,3.37 g,5.09 g,0.08 g,4.96 g,34.0 kcal
"Milk, producer, fluid, 3.7% milkfat",244.0,1.0 cup,87.69 g,119.0 mg,3.28 g,-- g,3.66 g,4.65 g,64.0 kcal
"Milk, reduced fat, fluid, 2% milkfat, protein fortified, with added vitamin A and vitamin D",246.0,1.0 cup,87.71 g,143.0 mg,3.95 g,5.26 g,1.98 g,5.49 g,56.0 kcal
"Milk, reduced fat, fluid, 2% milkfat, with added nonfat milk solids and vitamin A and vitamin D",245.0,1.0 cup,88.86 g,128.0 mg,3.48 g,-- g,1.92 g,4.97 g,51.0 kcal
"Milk, reduced fat, fluid, 2% milkfat, with added nonfat milk solids, without added vitamin A",245.0,1.0 cup,87.71 g,143.0 mg,3.95 g,-- g,1.98 g,5.49 g,56.0 kcal
"Milk, reduced fat, fluid, 2% milkfat, with added vitamin A and vitamin D",244.0,1.0 cup,89.21 g,120.0 mg,3.3 g,5.06 g,1.98 g,4.8 g,50.0 kcal
"Milk, reduced fat, fluid, 2% milkfat, without added vitamin A and vitamin D",246.0,1.0 cup,89.21 g,120.0 mg,3.3 g,5.06 g,1.98 g,4.8 g,50.0 kcal
"Milk, sheep, fluid",245.0,1.0 cup,80.7 g,193.0 mg,5.98 g,-- g,7.0 g,5.36 g,108.0 kcal
"Milk, whole, 3.25% milkfat, with added vitamin D",244.0,1.0 cup,88.13 g,113.0 mg,3.15 g,5.05 g,3.25 g,4.8 g,61.0 kcal
"Milk, whole, 3.25% milkfat, without added vitamin A and vitamin D",244.0,1.0 cup,88.13 g,113.0 mg,3.15 g,5.05 g,3.27 g,4.78 g,61.0 kcal
"Nutritional supplement for people with diabetes, liquid",227.0,1.0 can,79.74 g,110.0 mg,4.4 g,2.64 g,3.08 g,11.88 g,88.0 kcal
"Parmesan cheese topping, fat free",5.0,1.0 tablespoon,8.6 g,800.0 mg,40.0 g,1.5 g,5.0 g,-- g,370.0 kcal
"Protein supplement, milk based, Muscle Milk Light, powder",50.0,2.0 scoop,-- g,1200.0 mg,50.0 g,4.0 g,12.0 g,22.0 g,396.0 kcal
"Protein supplement, milk based, Muscle Milk, powder",11.0,1.0 tbsp,15.0 g,500.0 mg,45.71 g,5.71 g,17.14 g,18.5 g,411.0 kcal
Reddi Wip Fat Free Whipped Topping,4.0,1.0 tablespoon,66.44 g,108.0 mg,3.0 g,16.0 g,5.0 g,25.0 g,149.0 kcal
"Sour cream, fat free",12.0,1.0 tablespoon,80.6 g,125.0 mg,3.1 g,0.39 g,0.0 g,15.6 g,74.0 kcal
"Sour cream, imitation, cultured",28.35,1.0 oz,71.15 g,3.0 mg,2.4 g,-- g,19.52 g,6.63 g,208.0 kcal
"Sour cream, light",12.0,1.0 tablespoon,78.1 g,141.0 mg,3.5 g,0.22 g,10.6 g,7.1 g,136.0 kcal
"Sour cream, reduced fat",12.0,1.0 tablespoon,71.0 g,141.0 mg,7.0 g,0.3 g,14.1 g,-- g,181.0 kcal
"Sour dressing, non-butterfat, cultured, filled cream-type",12.0,1.0 tbsp,74.79 g,113.0 mg,3.25 g,-- g,16.57 g,4.68 g,178.0 kcal
"USDA Commodity, cheese, cheddar, reduced fat",113.0,1.0 cup shredded,48.2 g,905.0 mg,27.2 g,0.58 g,18.3 g,2.0 g,282.0 kcal
"Whey, acid, dried",57.0,1.0 cup,3.51 g,2054.0 mg,11.73 g,-- g,0.54 g,73.45 g,339.0 kcal
"Whey, acid, fluid",246.0,1.0 cup,93.42 g,103.0 mg,0.76 g,-- g,0.09 g,5.12 g,24.0 kcal
"Whey, sweet, dried",145.0,1.0 cup,3.19 g,796.0 mg,12.93 g,-- g,1.07 g,74.46 g,353.0 kcal
"Whey, sweet, fluid",246.0,1.0 cup,93.12 g,47.0 mg,0.85 g,-- g,0.36 g,5.14 g,27.0 kcal
"Whipped cream substitute, dietetic, made from powdered mix",80.0,1.0 cup,82.3 g,3.0 mg,0.9 g,-- g,6.0 g,10.6 g,100.0 kcal
"Whipped topping, frozen, low fat",75.0,1.0 cup,59.7 g,71.0 mg,3.0 g,-- g,13.1 g,23.6 g,224.0 kcal
"Yogurt, chocolate, nonfat milk",170.0,1.0 container (6 oz),71.57 g,88.0 mg,3.53 g,14.97 g,0.0 g,23.53 g,112.0 kcal
"Yogurt, chocolate, nonfat milk, fortified with vitamin D",170.0,1.0 container (6 oz),71.57 g,88.0 mg,3.53 g,14.97 g,0.0 g,23.53 g,112.0 kcal
"Yogurt, frozen, flavors not chocolate, nonfat milk, with low-calorie sweetener",68.0,0.5 cup,73.5 g,159.0 mg,4.4 g,12.61 g,0.8 g,19.7 g,104.0 kcal
"Yogurt, fruit variety, nonfat",170.0,1.0 container (6 oz),75.4 g,152.0 mg,4.4 g,-- g,0.2 g,19.0 g,95.0 kcal
"Yogurt, fruit variety, nonfat, fortified with vitamin D",170.0,1.0 container (6 oz),75.4 g,152.0 mg,4.4 g,-- g,0.2 g,19.0 g,95.0 kcal
"Yogurt, fruit, low fat, 10 grams protein per 8 ounce",170.0,1.0 container (6 oz),74.48 g,152.0 mg,4.37 g,-- g,1.08 g,19.05 g,102.0 kcal
"Yogurt, fruit, low fat, 10 grams protein per 8 ounce, fortified with vitamin D",170.0,1.0 container (6 oz),74.48 g,152.0 mg,4.37 g,-- g,1.08 g,19.05 g,102.0 kcal
"Yogurt, fruit, low fat, 11 grams protein per 8 ounce",170.0,1.0 container (6 oz),74.1 g,169.0 mg,4.86 g,-- g,1.41 g,18.6 g,105.0 kcal
"Yogurt, fruit, low fat, 9 grams protein per 8 ounce",170.0,1.0 container (6 oz),75.3 g,138.0 mg,3.98 g,-- g,1.15 g,18.64 g,99.0 kcal
"Yogurt, fruit, low fat, 9 grams protein per 8 ounce, fortified with vitamin D",170.0,1.0 container (6 oz),75.3 g,138.0 mg,3.98 g,-- g,1.15 g,18.64 g,99.0 kcal
"Yogurt, fruit, lowfat, with low calorie sweetener",170.0,1.0 container (6 oz),74.1 g,152.0 mg,4.86 g,2.9 g,1.41 g,18.6 g,105.0 kcal
"Yogurt, fruit, lowfat, with low calorie sweetener, fortified with vitamin D",170.0,1.0 container (6 oz),74.1 g,152.0 mg,4.86 g,2.9 g,1.41 g,18.6 g,105.0 kcal
"Yogurt, Greek, nonfat, strawberry, CHOBANI",150.0,5.3 oz,79.62 g,99.0 mg,8.03 g,10.86 g,0.12 g,11.62 g,80.0 kcal
"Yogurt, Greek, nonfat, strawberry, DANNON OIKOS",150.0,5.3 oz,78.63 g,94.0 mg,8.03 g,11.63 g,0.22 g,12.53 g,84.0 kcal
"Yogurt, Greek, nonfat, vanilla, CHOBANI",150.0,5.3 oz,82.03 g,106.0 mg,9.07 g,7.61 g,0.22 g,8.09 g,71.0 kcal
"Yogurt, Greek, nonfat, vanilla, DANNON OIKOS",150.0,5.3 oz,78.5 g,89.0 mg,8.12 g,11.4 g,0.14 g,12.72 g,85.0 kcal
"Yogurt, Greek, plain, lowfat",200.0,1.0 container (7 oz),83.56 g,115.0 mg,9.95 g,3.56 g,1.92 g,3.94 g,73.0 kcal
"Yogurt, Greek, plain, nonfat",170.0,1.0 container,85.1 g,110.0 mg,10.19 g,3.24 g,0.39 g,3.6 g,59.0 kcal
"Yogurt, Greek, strawberry, DANNON OIKOS",150.0,5.3 oz,76.6 g,86.0 mg,8.25 g,11.0 g,2.92 g,11.67 g,106.0 kcal
"Yogurt, Greek, strawberry, lowfat",150.0,1.0 container (5.3 oz),76.81 g,88.0 mg,8.17 g,11.23 g,2.57 g,11.89 g,103.0 kcal
"Yogurt, Greek, strawberry, nonfat",150.0,1.0 container (5.3 oz),79.13 g,97.0 mg,8.05 g,11.27 g,0.15 g,12.07 g,82.0 kcal
"Yogurt, Greek, vanilla, nonfat",150.0,1.0 container (5.3 oz),80.26 g,99.0 mg,8.64 g,9.54 g,0.18 g,10.37 g,78.0 kcal
"Yogurt, plain, low fat, 12 grams protein per 8 ounce",170.0,1.0 container (6 oz),85.07 g,183.0 mg,5.25 g,-- g,1.55 g,7.04 g,63.0 kcal
"Yogurt, plain, skim milk, 13 grams protein per 8 ounce",170.0,1.0 container (6 oz),85.23 g,199.0 mg,5.73 g,-- g,0.18 g,7.68 g,56.0 kcal
"Yogurt, plain, whole milk, 8 grams protein per 8 ounce",170.0,1.0 container (6 oz),87.9 g,121.0 mg,3.47 g,-- g,3.25 g,4.66 g,61.0 kcal
"Yogurt, vanilla flavor, lowfat milk, sweetened with low calorie sweetener",170.0,1.0 container,79.0 g,171.0 mg,4.93 g,5.43 g,1.25 g,13.8 g,86.0 kcal
"Yogurt, vanilla or lemon flavor, nonfat milk, sweetened with low-calorie sweetener",170.0,1.0 container (6 oz),87.43 g,143.0 mg,3.86 g,-- g,0.18 g,7.5 g,43.0 kcal
"Yogurt, vanilla or lemon flavor, nonfat milk, sweetened with low-calorie sweetener, fortified with vitamin D",170.0,1.0 container (6 oz),87.43 g,143.0 mg,3.86 g,-- g,0.18 g,7.5 g,43.0 kcal
"Yogurt, vanilla, low fat, 11 grams protein per 8 ounce",170.0,1.0 container (6 oz),79.0 g,171.0 mg,4.93 g,-- g,1.25 g,13.8 g,85.0 kcal
"Yogurt, vanilla, low fat, 11 grams protein per 8 ounce, fortified with vitamin D",170.0,1.0 container (6 oz),79.0 g,171.0 mg,4.93 g,-- g,1.25 g,13.8 g,85.0 kcal
"Yogurt, vanilla, non-fat",245.0,1.0 cup (8 fl oz),79.0 g,118.0 mg,2.94 g,5.88 g,0.0 g,17.04 g,78.0 kcal
